county,fips,pollutant,val,population
Ada,16001,"1,1,2-TRICHLOROETHANE",1.9804886859999998e-06,392365
Ada,16001,"1,3-BUTADIENE",3.4412292802e-05,392365
Ada,16001,"1,3-DICHLOROPROPENE",2.960094489999999e-07,392365
Ada,16001,"1,4-DICHLOROBENZENE",5.5647132304999995e-05,392365
Ada,16001,"1,4-DIOXANE",0.0,392365
Ada,16001,"2,4,6-TRICHLOROPHENOL",0.0,392365
Ada,16001,"2,4-DINITROTOLUENE",0.0,392365
Ada,16001,"2,4-TOLUENE DIISOCYANATE",0.0,392365
Ada,16001,2-NITROPROPANE,0.0,392365
Ada,16001,ACETALDEHYDE,2.6165330229e-05,392365
Ada,16001,ACETAMIDE,0.0,392365
Ada,16001,ACRYLONITRILE,0.004220668187675,392365
Ada,16001,ALLYL CHLORIDE,0.0,392365
Ada,16001,ARSENIC COMPOUNDS(INORGANIC INCLUDING ARSINE),0.005643201667815,392365
Ada,16001,BENZENE,0.003269613297903,392365
Ada,16001,BENZYL CHLORIDE,0.0,392365
Ada,16001,BERYLLIUM COMPOUNDS,1.1365846940000002e-06,392365
Ada,16001,BIS(2-ETHYLHEXYL)PHTHALATE (DEHP),0.0,392365
Ada,16001,BROMOFORM,0.0,392365
Ada,16001,CADMIUM COMPOUNDS,0.000624689284949,392365
Ada,16001,CARBON TETRACHLORIDE,7.21045689e-07,392365
Ada,16001,CHLOROPRENE,0.0,392365
Ada,16001,CHROMIUM VI (HEXAVALENT),0.00016247270863,392365
Ada,16001,EPICHLOROHYDRIN,0.0,392365
Ada,16001,ETHYLBENZENE,0.00031265116850200006,392365
Ada,16001,ETHYLENE DIBROMIDE (DIBROMOETHANE),2.1546110714e-05,392365
Ada,16001,"ETHYLENE DICHLORIDE (1,2-DICHLOROETHANE)",0.00019991642918,392365
Ada,16001,ETHYLENE OXIDE,9.139875e-09,392365
Ada,16001,"ETHYLIDENE DICHLORIDE (1,1-DICHLOROETHANE)",8.309661834999999e-05,392365
Ada,16001,FORMALDEHYDE,0.0012723135411289999,392365
Ada,16001,HEXACHLOROBENZENE,0.0,392365
Ada,16001,HEXACHLOROBUTADIENE,0.0,392365
Ada,16001,METHYL TERT-BUTYL ETHER,1.1045999999999998e-11,392365
Ada,16001,METHYLENE CHLORIDE,1.5734238164000002e-05,392365
Ada,16001,NAPHTHALENE,0.00061748238128,392365
Ada,16001,NICKEL COMPOUNDS,0.001345743189299,392365
Ada,16001,NITROBENZENE,0.0,392365
Ada,16001,O-TOLUIDINE,0.0,392365
Ada,16001,PAHPOM,2.05758658e-06,392365
Ada,16001,PENTACHLOROPHENOL,0.0,392365
Ada,16001,POLYCHLORINATED BIPHENYLS (AROCLORS),1.2032433000000002e-07,392365
Ada,16001,PROPYLENE OXIDE,0.0,392365
Ada,16001,TETRACHLOROETHYLENE,3.2877227469e-05,392365
Ada,16001,TRICHLOROETHYLENE,0.000313252496151,392365
Ada,16001,VINYL CHLORIDE,0.000738127982415,392365
Adams,16003,"1,1,2-TRICHLOROETHANE",0.0,3976
Adams,16003,"1,3-BUTADIENE",0.0,3976
Adams,16003,"1,3-DICHLOROPROPENE",0.0,3976
Adams,16003,"1,4-DICHLOROBENZENE",0.0,3976
Adams,16003,"1,4-DIOXANE",0.0,3976
Adams,16003,"2,4,6-TRICHLOROPHENOL",0.0,3976
Adams,16003,"2,4-DINITROTOLUENE",0.0,3976
Adams,16003,"2,4-TOLUENE DIISOCYANATE",0.0,3976
Adams,16003,2-NITROPROPANE,0.0,3976
Adams,16003,ACETALDEHYDE,7.107001985799999e-05,3976
Adams,16003,ACETAMIDE,0.0,3976
Adams,16003,ACRYLONITRILE,0.0,3976
Adams,16003,ALLYL CHLORIDE,0.0,3976
Adams,16003,ARSENIC COMPOUNDS(INORGANIC INCLUDING ARSINE),0.003293162287332,3976
Adams,16003,BENZENE,0.014217983229543001,3976
Adams,16003,BENZYL CHLORIDE,0.0,3976
Adams,16003,BERYLLIUM COMPOUNDS,7.0381111898e-05,3976
Adams,16003,BIS(2-ETHYLHEXYL)PHTHALATE (DEHP),7.71992e-09,3976
Adams,16003,BROMOFORM,0.0,3976
Adams,16003,CADMIUM COMPOUNDS,0.000409347906065,3976
Adams,16003,CARBON TETRACHLORIDE,4.8918672403e-05,3976
Adams,16003,CHLOROPRENE,0.0,3976
Adams,16003,CHROMIUM VI (HEXAVALENT),0.00348601997808,3976
Adams,16003,EPICHLOROHYDRIN,0.0,3976
Adams,16003,ETHYLBENZENE,6.67315629e-06,3976
Adams,16003,ETHYLENE DIBROMIDE (DIBROMOETHANE),0.0,3976
Adams,16003,"ETHYLENE DICHLORIDE (1,2-DICHLOROETHANE)",0.000161531014542,3976
Adams,16003,ETHYLENE OXIDE,0.0,3976
Adams,16003,"ETHYLIDENE DICHLORIDE (1,1-DICHLOROETHANE)",0.0,3976
Adams,16003,FORMALDEHYDE,0.0018746297101320003,3976
Adams,16003,HEXACHLOROBENZENE,0.0,3976
Adams,16003,HEXACHLOROBUTADIENE,0.0,3976
Adams,16003,METHYL TERT-BUTYL ETHER,0.0,3976
Adams,16003,METHYLENE CHLORIDE,0.000178760567898,3976
Adams,16003,NAPHTHALENE,4.97287e-10,3976
Adams,16003,NICKEL COMPOUNDS,0.000995029351893,3976
Adams,16003,NITROBENZENE,0.0,3976
Adams,16003,O-TOLUIDINE,0.0,3976
Adams,16003,PAHPOM,9.061859562000001e-06,3976
Adams,16003,PENTACHLOROPHENOL,1.8326918999999997e-08,3976
Adams,16003,POLYCHLORINATED BIPHENYLS (AROCLORS),0.0,3976
Adams,16003,PROPYLENE OXIDE,0.0,3976
Adams,16003,TETRACHLOROETHYLENE,3.5762775109e-05,3976
Adams,16003,TRICHLOROETHYLENE,8.130131687700001e-05,3976
Adams,16003,VINYL CHLORIDE,1.9080971764000005e-05,3976
Bannock,16005,"1,1,2-TRICHLOROETHANE",0.0,82839
Bannock,16005,"1,3-BUTADIENE",0.0,82839
Bannock,16005,"1,3-DICHLOROPROPENE",0.0,82839
Bannock,16005,"1,4-DICHLOROBENZENE",3.5011710791e-05,82839
Bannock,16005,"1,4-DIOXANE",0.0,82839
Bannock,16005,"2,4,6-TRICHLOROPHENOL",0.0,82839
Bannock,16005,"2,4-DINITROTOLUENE",0.0,82839
Bannock,16005,"2,4-TOLUENE DIISOCYANATE",0.0,82839
Bannock,16005,2-NITROPROPANE,0.0,82839
Bannock,16005,ACETALDEHYDE,0.0,82839
Bannock,16005,ACETAMIDE,0.0,82839
Bannock,16005,ACRYLONITRILE,0.002690404303137,82839
Bannock,16005,ALLYL CHLORIDE,0.0,82839
Bannock,16005,ARSENIC COMPOUNDS(INORGANIC INCLUDING ARSINE),0.0031933126514600003,82839
Bannock,16005,BENZENE,0.00019002846686400003,82839
Bannock,16005,BENZYL CHLORIDE,0.0,82839
Bannock,16005,BERYLLIUM COMPOUNDS,0.0,82839
Bannock,16005,BIS(2-ETHYLHEXYL)PHTHALATE (DEHP),0.0,82839
Bannock,16005,BROMOFORM,0.0,82839
Bannock,16005,CADMIUM COMPOUNDS,0.014111768366712,82839
Bannock,16005,CARBON TETRACHLORIDE,5.63806485e-07,82839
Bannock,16005,CHLOROPRENE,0.0,82839
Bannock,16005,CHROMIUM VI (HEXAVALENT),0.021272696891203997,82839
Bannock,16005,EPICHLOROHYDRIN,0.0,82839
Bannock,16005,ETHYLBENZENE,9.273790954200001e-05,82839
Bannock,16005,ETHYLENE DIBROMIDE (DIBROMOETHANE),1.4395314632000002e-05,82839
Bannock,16005,"ETHYLENE DICHLORIDE (1,2-DICHLOROETHANE)",0.00014019135050799997,82839
Bannock,16005,ETHYLENE OXIDE,0.0,82839
Bannock,16005,"ETHYLIDENE DICHLORIDE (1,1-DICHLOROETHANE)",6.0300767503e-05,82839
Bannock,16005,FORMALDEHYDE,0.0077326086738780005,82839
Bannock,16005,HEXACHLOROBENZENE,0.0,82839
Bannock,16005,HEXACHLOROBUTADIENE,0.0,82839
Bannock,16005,METHYL TERT-BUTYL ETHER,0.0,82839
Bannock,16005,METHYLENE CHLORIDE,6.1321137898e-05,82839
Bannock,16005,NAPHTHALENE,1.743959048e-06,82839
Bannock,16005,NICKEL COMPOUNDS,0.0016023047241520002,82839
Bannock,16005,NITROBENZENE,0.0,82839
Bannock,16005,O-TOLUIDINE,0.0,82839
Bannock,16005,PAHPOM,1.3020118059999998e-06,82839
Bannock,16005,PENTACHLOROPHENOL,0.0,82839
Bannock,16005,POLYCHLORINATED BIPHENYLS (AROCLORS),9.6365e-11,82839
Bannock,16005,PROPYLENE OXIDE,0.0,82839
Bannock,16005,TETRACHLOROETHYLENE,4.9732137908000006e-05,82839
Bannock,16005,TRICHLOROETHYLENE,0.00023604867279700004,82839
Bannock,16005,VINYL CHLORIDE,0.00046472156337,82839
Bear Lake,16007,"1,1,2-TRICHLOROETHANE",0.0,5986
Bear Lake,16007,"1,3-BUTADIENE",1.4374000000000002e-11,5986
Bear Lake,16007,"1,3-DICHLOROPROPENE",0.0,5986
Bear Lake,16007,"1,4-DICHLOROBENZENE",1.24485185e-07,5986
Bear Lake,16007,"1,4-DIOXANE",0.0,5986
Bear Lake,16007,"2,4,6-TRICHLOROPHENOL",0.0,5986
Bear Lake,16007,"2,4-DINITROTOLUENE",0.0,5986
Bear Lake,16007,"2,4-TOLUENE DIISOCYANATE",0.0,5986
Bear Lake,16007,2-NITROPROPANE,0.0,5986
Bear Lake,16007,ACETALDEHYDE,3.00217e-10,5986
Bear Lake,16007,ACETAMIDE,0.0,5986
Bear Lake,16007,ACRYLONITRILE,3.5404645599999996e-06,5986
Bear Lake,16007,ALLYL CHLORIDE,0.0,5986
Bear Lake,16007,ARSENIC COMPOUNDS(INORGANIC INCLUDING ARSINE),0.049833027714152996,5986
Bear Lake,16007,BENZENE,5.632731289999999e-07,5986
Bear Lake,16007,BENZYL CHLORIDE,0.0,5986
Bear Lake,16007,BERYLLIUM COMPOUNDS,7.8593e-11,5986
Bear Lake,16007,BIS(2-ETHYLHEXYL)PHTHALATE (DEHP),0.0,5986
Bear Lake,16007,BROMOFORM,0.0,5986
Bear Lake,16007,CADMIUM COMPOUNDS,0.160781477239462,5986
Bear Lake,16007,CARBON TETRACHLORIDE,3.0992950000000003e-09,5986
Bear Lake,16007,CHLOROPRENE,0.0,5986
Bear Lake,16007,CHROMIUM VI (HEXAVALENT),0.29025116231875703,5986
Bear Lake,16007,EPICHLOROHYDRIN,0.0,5986
Bear Lake,16007,ETHYLBENZENE,7.508282400000001e-08,5986
Bear Lake,16007,ETHYLENE DIBROMIDE (DIBROMOETHANE),9.631463900000001e-08,5986
Bear Lake,16007,"ETHYLENE DICHLORIDE (1,2-DICHLOROETHANE)",5.07802244e-07,5986
Bear Lake,16007,ETHYLENE OXIDE,0.0,5986
Bear Lake,16007,"ETHYLIDENE DICHLORIDE (1,1-DICHLOROETHANE)",6.5418757e-08,5986
Bear Lake,16007,FORMALDEHYDE,6.235836695e-06,5986
Bear Lake,16007,HEXACHLOROBENZENE,0.0,5986
Bear Lake,16007,HEXACHLOROBUTADIENE,0.0,5986
Bear Lake,16007,METHYL TERT-BUTYL ETHER,0.0,5986
Bear Lake,16007,METHYLENE CHLORIDE,1.114959092e-06,5986
Bear Lake,16007,NAPHTHALENE,7.1246198e-08,5986
Bear Lake,16007,NICKEL COMPOUNDS,0.011710773242603998,5986
Bear Lake,16007,NITROBENZENE,0.0,5986
Bear Lake,16007,O-TOLUIDINE,0.0,5986
Bear Lake,16007,PAHPOM,2.2743473399999999e-07,5986
Bear Lake,16007,PENTACHLOROPHENOL,0.0,5986
Bear Lake,16007,POLYCHLORINATED BIPHENYLS (AROCLORS),0.0,5986
Bear Lake,16007,PROPYLENE OXIDE,4.768e-10,5986
Bear Lake,16007,TETRACHLOROETHYLENE,4.66950736e-07,5986
Bear Lake,16007,TRICHLOROETHYLENE,5.1194227e-07,5986
Bear Lake,16007,VINYL CHLORIDE,5.63782e-07,5986
Benewah,16009,"1,1,2-TRICHLOROETHANE",0.0,9285
Benewah,16009,"1,3-BUTADIENE",5.549460000000001e-10,9285
Benewah,16009,"1,3-DICHLOROPROPENE",0.0,9285
Benewah,16009,"1,4-DICHLOROBENZENE",3.624337535e-06,9285
Benewah,16009,"1,4-DIOXANE",0.0,9285
Benewah,16009,"2,4,6-TRICHLOROPHENOL",0.0,9285
Benewah,16009,"2,4-DINITROTOLUENE",0.0,9285
Benewah,16009,"2,4-TOLUENE DIISOCYANATE",0.0,9285
Benewah,16009,2-NITROPROPANE,0.0,9285
Benewah,16009,ACETALDEHYDE,0.015296488629957,9285
Benewah,16009,ACETAMIDE,0.0,9285
Benewah,16009,ACRYLONITRILE,0.00023065236669999998,9285
Benewah,16009,ALLYL CHLORIDE,0.0,9285
Benewah,16009,ARSENIC COMPOUNDS(INORGANIC INCLUDING ARSINE),0.005265331796967999,9285
Benewah,16009,BENZENE,0.047832684486476,9285
Benewah,16009,BENZYL CHLORIDE,0.0,9285
Benewah,16009,BERYLLIUM COMPOUNDS,7.9921531508e-05,9285
Benewah,16009,BIS(2-ETHYLHEXYL)PHTHALATE (DEHP),1.080487177e-06,9285
Benewah,16009,BROMOFORM,0.0,9285
Benewah,16009,CADMIUM COMPOUNDS,0.000339595508483,9285
Benewah,16009,CARBON TETRACHLORIDE,0.00021575768625599999,9285
Benewah,16009,CHLOROPRENE,0.0,9285
Benewah,16009,CHROMIUM VI (HEXAVALENT),0.004813792550512,9285
Benewah,16009,EPICHLOROHYDRIN,0.0,9285
Benewah,16009,ETHYLBENZENE,4.5852767076999996e-05,9285
Benewah,16009,ETHYLENE DIBROMIDE (DIBROMOETHANE),1.512179989e-06,9285
Benewah,16009,"ETHYLENE DICHLORIDE (1,2-DICHLOROETHANE)",0.000611183586401,9285
Benewah,16009,ETHYLENE OXIDE,0.0,9285
Benewah,16009,"ETHYLIDENE DICHLORIDE (1,1-DICHLOROETHANE)",4.722416705e-06,9285
Benewah,16009,FORMALDEHYDE,0.019732250399205002,9285
Benewah,16009,HEXACHLOROBENZENE,0.0,9285
Benewah,16009,HEXACHLOROBUTADIENE,0.0,9285
Benewah,16009,METHYL TERT-BUTYL ETHER,0.0,9285
Benewah,16009,METHYLENE CHLORIDE,0.000307601188951,9285
Benewah,16009,NAPHTHALENE,0.001335559767452,9285
Benewah,16009,NICKEL COMPOUNDS,0.001497328609587,9285
Benewah,16009,NITROBENZENE,0.0,9285
Benewah,16009,O-TOLUIDINE,0.0,9285
Benewah,16009,PAHPOM,1.6879240647999997e-05,9285
Benewah,16009,PENTACHLOROPHENOL,1.39587275e-07,9285
Benewah,16009,POLYCHLORINATED BIPHENYLS (AROCLORS),0.0,9285
Benewah,16009,PROPYLENE OXIDE,0.0,9285
Benewah,16009,TETRACHLOROETHYLENE,5.223692959100001e-05,9285
Benewah,16009,TRICHLOROETHYLENE,0.000147048198326,9285
Benewah,16009,VINYL CHLORIDE,0.00012099012157799999,9285
Bingham,16011,"1,1,2-TRICHLOROETHANE",0.0,45607
Bingham,16011,"1,3-BUTADIENE",1.36161e-10,45607
Bingham,16011,"1,3-DICHLOROPROPENE",0.0,45607
Bingham,16011,"1,4-DICHLOROBENZENE",2.7347823339999997e-06,45607
Bingham,16011,"1,4-DIOXANE",0.0,45607
Bingham,16011,"2,4,6-TRICHLOROPHENOL",0.0,45607
Bingham,16011,"2,4-DINITROTOLUENE",0.0,45607
Bingham,16011,"2,4-TOLUENE DIISOCYANATE",0.0,45607
Bingham,16011,2-NITROPROPANE,0.0,45607
Bingham,16011,ACETALDEHYDE,4.96711e-10,45607
Bingham,16011,ACETAMIDE,0.0,45607
Bingham,16011,ACRYLONITRILE,0.00017845603507599998,45607
Bingham,16011,ALLYL CHLORIDE,0.0,45607
Bingham,16011,ARSENIC COMPOUNDS(INORGANIC INCLUDING ARSINE),0.000592957092923,45607
Bingham,16011,BENZENE,3.491639999e-05,45607
Bingham,16011,BENZYL CHLORIDE,0.0,45607
Bingham,16011,BERYLLIUM COMPOUNDS,1.0382269699999999e-07,45607
Bingham,16011,BIS(2-ETHYLHEXYL)PHTHALATE (DEHP),0.0,45607
Bingham,16011,BROMOFORM,0.0,45607
Bingham,16011,CADMIUM COMPOUNDS,0.01067682490892,45607
Bingham,16011,CARBON TETRACHLORIDE,3.365359e-08,45607
Bingham,16011,CHLOROPRENE,0.0,45607
Bingham,16011,CHROMIUM VI (HEXAVALENT),0.004170092555221,45607
Bingham,16011,EPICHLOROHYDRIN,0.0,45607
Bingham,16011,ETHYLBENZENE,8.004192925e-06,45607
Bingham,16011,ETHYLENE DIBROMIDE (DIBROMOETHANE),8.822522059999999e-07,45607
Bingham,16011,"ETHYLENE DICHLORIDE (1,2-DICHLOROETHANE)",9.894468646e-06,45607
Bingham,16011,ETHYLENE OXIDE,0.0,45607
Bingham,16011,"ETHYLIDENE DICHLORIDE (1,1-DICHLOROETHANE)",4.794807128000001e-06,45607
Bingham,16011,FORMALDEHYDE,0.0038532424152750004,45607
Bingham,16011,HEXACHLOROBENZENE,0.0,45607
Bingham,16011,HEXACHLOROBUTADIENE,0.0,45607
Bingham,16011,METHYL TERT-BUTYL ETHER,0.0,45607
Bingham,16011,METHYLENE CHLORIDE,5.461213729e-06,45607
Bingham,16011,NAPHTHALENE,1.0619916341999998e-05,45607
Bingham,16011,NICKEL COMPOUNDS,0.000876594466214,45607
Bingham,16011,NITROBENZENE,0.0,45607
Bingham,16011,O-TOLUIDINE,0.0,45607
Bingham,16011,PAHPOM,1.4227121957999998e-05,45607
Bingham,16011,PENTACHLOROPHENOL,0.0,45607
Bingham,16011,POLYCHLORINATED BIPHENYLS (AROCLORS),0.0,45607
Bingham,16011,PROPYLENE OXIDE,6.66538403e-07,45607
Bingham,16011,TETRACHLOROETHYLENE,3.767811114e-06,45607
Bingham,16011,TRICHLOROETHYLENE,1.5919723080999998e-05,45607
Bingham,16011,VINYL CHLORIDE,3.0274498773000002e-05,45607
Blaine,16013,"1,1,2-TRICHLOROETHANE",0.0,21376
Blaine,16013,"1,3-BUTADIENE",0.0,21376
Blaine,16013,"1,3-DICHLOROPROPENE",0.0,21376
Blaine,16013,"1,4-DICHLOROBENZENE",0.0,21376
Blaine,16013,"1,4-DIOXANE",0.0,21376
Blaine,16013,"2,4,6-TRICHLOROPHENOL",0.0,21376
Blaine,16013,"2,4-DINITROTOLUENE",0.0,21376
Blaine,16013,"2,4-TOLUENE DIISOCYANATE",0.0,21376
Blaine,16013,2-NITROPROPANE,0.0,21376
Blaine,16013,ACETALDEHYDE,0.0,21376
Blaine,16013,ACETAMIDE,0.0,21376
Blaine,16013,ACRYLONITRILE,0.0,21376
Blaine,16013,ALLYL CHLORIDE,0.0,21376
Blaine,16013,ARSENIC COMPOUNDS(INORGANIC INCLUDING ARSINE),5.261836479999999e-07,21376
Blaine,16013,BENZENE,1.1475117e-08,21376
Blaine,16013,BENZYL CHLORIDE,0.0,21376
Blaine,16013,BERYLLIUM COMPOUNDS,0.0,21376
Blaine,16013,BIS(2-ETHYLHEXYL)PHTHALATE (DEHP),0.0,21376
Blaine,16013,BROMOFORM,0.0,21376
Blaine,16013,CADMIUM COMPOUNDS,3.147082502e-06,21376
Blaine,16013,CARBON TETRACHLORIDE,0.0,21376
Blaine,16013,CHLOROPRENE,0.0,21376
Blaine,16013,CHROMIUM VI (HEXAVALENT),1.868920636e-06,21376
Blaine,16013,EPICHLOROHYDRIN,0.0,21376
Blaine,16013,ETHYLBENZENE,0.0,21376
Blaine,16013,ETHYLENE DIBROMIDE (DIBROMOETHANE),0.0,21376
Blaine,16013,"ETHYLENE DICHLORIDE (1,2-DICHLOROETHANE)",0.0,21376
Blaine,16013,ETHYLENE OXIDE,0.0,21376
Blaine,16013,"ETHYLIDENE DICHLORIDE (1,1-DICHLOROETHANE)",0.0,21376
Blaine,16013,FORMALDEHYDE,1.51227269e-07,21376
Blaine,16013,HEXACHLOROBENZENE,0.0,21376
Blaine,16013,HEXACHLOROBUTADIENE,0.0,21376
Blaine,16013,METHYL TERT-BUTYL ETHER,0.0,21376
Blaine,16013,METHYLENE CHLORIDE,0.0,21376
Blaine,16013,NAPHTHALENE,3.36028e-09,21376
Blaine,16013,NICKEL COMPOUNDS,9.39322147e-07,21376
Blaine,16013,NITROBENZENE,0.0,21376
Blaine,16013,O-TOLUIDINE,0.0,21376
Blaine,16013,PAHPOM,9.8867e-11,21376
Blaine,16013,PENTACHLOROPHENOL,0.0,21376
Blaine,16013,POLYCHLORINATED BIPHENYLS (AROCLORS),0.0,21376
Blaine,16013,PROPYLENE OXIDE,0.0,21376
Blaine,16013,TETRACHLOROETHYLENE,0.0,21376
Blaine,16013,TRICHLOROETHYLENE,0.0,21376
Blaine,16013,VINYL CHLORIDE,0.0,21376
Boise,16015,"1,1,2-TRICHLOROETHANE",4.6643984000000005e-08,7028
Boise,16015,"1,3-BUTADIENE",4.2972128999999993e-07,7028
Boise,16015,"1,3-DICHLOROPROPENE",4.050075999999999e-09,7028
Boise,16015,"1,4-DICHLOROBENZENE",7.579484e-09,7028
Boise,16015,"1,4-DIOXANE",0.0,7028
Boise,16015,"2,4,6-TRICHLOROPHENOL",0.0,7028
Boise,16015,"2,4-DINITROTOLUENE",0.0,7028
Boise,16015,"2,4-TOLUENE DIISOCYANATE",0.0,7028
Boise,16015,2-NITROPROPANE,0.0,7028
Boise,16015,ACETALDEHYDE,5.144000379999999e-07,7028
Boise,16015,ACETAMIDE,0.0,7028
Boise,16015,ACRYLONITRILE,4.0495768e-07,7028
Boise,16015,ALLYL CHLORIDE,0.0,7028
Boise,16015,ARSENIC COMPOUNDS(INORGANIC INCLUDING ARSINE),0.000946505508,7028
Boise,16015,BENZENE,7.8038267798e-05,7028
Boise,16015,BENZYL CHLORIDE,0.0,7028
Boise,16015,BERYLLIUM COMPOUNDS,4.776e-09,7028
Boise,16015,BIS(2-ETHYLHEXYL)PHTHALATE (DEHP),0.0,7028
Boise,16015,BROMOFORM,0.0,7028
Boise,16015,CADMIUM COMPOUNDS,4.292073539999999e-05,7028
Boise,16015,CARBON TETRACHLORIDE,9.867000000000001e-11,7028
Boise,16015,CHLOROPRENE,0.0,7028
Boise,16015,CHROMIUM VI (HEXAVALENT),6.234407999999999e-06,7028
Boise,16015,EPICHLOROHYDRIN,0.0,7028
Boise,16015,ETHYLBENZENE,1.710175988e-06,7028
Boise,16015,ETHYLENE DIBROMIDE (DIBROMOETHANE),2.5866e-09,7028
Boise,16015,"ETHYLENE DICHLORIDE (1,2-DICHLOROETHANE)",8.637233800000001e-08,7028
Boise,16015,ETHYLENE OXIDE,0.0,7028
Boise,16015,"ETHYLIDENE DICHLORIDE (1,1-DICHLOROETHANE)",2.0337446e-08,7028
Boise,16015,FORMALDEHYDE,4.8199860111e-05,7028
Boise,16015,HEXACHLOROBENZENE,0.0,7028
Boise,16015,HEXACHLOROBUTADIENE,0.0,7028
Boise,16015,METHYL TERT-BUTYL ETHER,0.0,7028
Boise,16015,METHYLENE CHLORIDE,2.2408959999999996e-08,7028
Boise,16015,NAPHTHALENE,3.4721180120000003e-06,7028
Boise,16015,NICKEL COMPOUNDS,0.00028453416816,7028
Boise,16015,NITROBENZENE,0.0,7028
Boise,16015,O-TOLUIDINE,0.0,7028
Boise,16015,PAHPOM,1.87840013e-07,7028
Boise,16015,PENTACHLOROPHENOL,0.0,7028
Boise,16015,POLYCHLORINATED BIPHENYLS (AROCLORS),0.0,7028
Boise,16015,PROPYLENE OXIDE,0.0,7028
Boise,16015,TETRACHLOROETHYLENE,9.717788e-09,7028
Boise,16015,TRICHLOROETHYLENE,4.4372914e-08,7028
Boise,16015,VINYL CHLORIDE,7.188353e-08,7028
Bonner,16017,"1,1,2-TRICHLOROETHANE",4.493307841e-06,40877
Bonner,16017,"1,3-BUTADIENE",0.0,40877
Bonner,16017,"1,3-DICHLOROPROPENE",0.0,40877
Bonner,16017,"1,4-DICHLOROBENZENE",2.34051e-10,40877
Bonner,16017,"1,4-DIOXANE",0.0,40877
Bonner,16017,"2,4,6-TRICHLOROPHENOL",0.0,40877
Bonner,16017,"2,4-DINITROTOLUENE",0.0,40877
Bonner,16017,"2,4-TOLUENE DIISOCYANATE",0.0,40877
Bonner,16017,2-NITROPROPANE,0.0,40877
Bonner,16017,ACETALDEHYDE,0.0018256721919729998,40877
Bonner,16017,ACETAMIDE,0.0,40877
Bonner,16017,ACRYLONITRILE,1.3987763e-08,40877
Bonner,16017,ALLYL CHLORIDE,0.0,40877
Bonner,16017,ARSENIC COMPOUNDS(INORGANIC INCLUDING ARSINE),0.002836109584003,40877
Bonner,16017,BENZENE,0.001352438233312,40877
Bonner,16017,BENZYL CHLORIDE,0.0,40877
Bonner,16017,BERYLLIUM COMPOUNDS,1.949764037e-06,40877
Bonner,16017,BIS(2-ETHYLHEXYL)PHTHALATE (DEHP),1.0892369e-08,40877
Bonner,16017,BROMOFORM,0.0,40877
Bonner,16017,CADMIUM COMPOUNDS,0.00045258992715599996,40877
Bonner,16017,CARBON TETRACHLORIDE,2.8831796011e-05,40877
Bonner,16017,CHLOROPRENE,0.0,40877
Bonner,16017,CHROMIUM VI (HEXAVALENT),0.014759693853491003,40877
Bonner,16017,EPICHLOROHYDRIN,0.0,40877
Bonner,16017,ETHYLBENZENE,4.509526965e-06,40877
Bonner,16017,ETHYLENE DIBROMIDE (DIBROMOETHANE),5.6553999999999997e-11,40877
Bonner,16017,"ETHYLENE DICHLORIDE (1,2-DICHLOROETHANE)",7.173675555500001e-05,40877
Bonner,16017,ETHYLENE OXIDE,0.0,40877
Bonner,16017,"ETHYLIDENE DICHLORIDE (1,1-DICHLOROETHANE)",4.11405e-10,40877
Bonner,16017,FORMALDEHYDE,0.001653735881084,40877
Bonner,16017,HEXACHLOROBENZENE,0.0,40877
Bonner,16017,HEXACHLOROBUTADIENE,0.0,40877
Bonner,16017,METHYL TERT-BUTYL ETHER,0.0,40877
Bonner,16017,METHYLENE CHLORIDE,1.5744221835000002e-05,40877
Bonner,16017,NAPHTHALENE,0.000167507996767,40877
Bonner,16017,NICKEL COMPOUNDS,0.000720018652266,40877
Bonner,16017,NITROBENZENE,0.0,40877
Bonner,16017,O-TOLUIDINE,0.0,40877
Bonner,16017,PAHPOM,7.18692218e-07,40877
Bonner,16017,PENTACHLOROPHENOL,2.2166373999999998e-08,40877
Bonner,16017,POLYCHLORINATED BIPHENYLS (AROCLORS),0.0,40877
Bonner,16017,PROPYLENE OXIDE,0.0,40877
Bonner,16017,TETRACHLOROETHYLENE,2.358938722e-06,40877
Bonner,16017,TRICHLOROETHYLENE,2.3236563089e-05,40877
Bonner,16017,VINYL CHLORIDE,1.0567289517000001e-05,40877
Bonneville,16019,"1,1,2-TRICHLOROETHANE",0.0,104234
Bonneville,16019,"1,3-BUTADIENE",3.565e-12,104234
Bonneville,16019,"1,3-DICHLOROPROPENE",0.0,104234
Bonneville,16019,"1,4-DICHLOROBENZENE",0.0,104234
Bonneville,16019,"1,4-DIOXANE",0.0,104234
Bonneville,16019,"2,4,6-TRICHLOROPHENOL",0.0,104234
Bonneville,16019,"2,4-DINITROTOLUENE",0.0,104234
Bonneville,16019,"2,4-TOLUENE DIISOCYANATE",0.0,104234
Bonneville,16019,2-NITROPROPANE,0.0,104234
Bonneville,16019,ACETALDEHYDE,2.2990667297999997e-05,104234
Bonneville,16019,ACETAMIDE,0.0,104234
Bonneville,16019,ACRYLONITRILE,0.0,104234
Bonneville,16019,ALLYL CHLORIDE,0.0,104234
Bonneville,16019,ARSENIC COMPOUNDS(INORGANIC INCLUDING ARSINE),0.001852740865984,104234
Bonneville,16019,BENZENE,0.000777787392773,104234
Bonneville,16019,BENZYL CHLORIDE,0.0,104234
Bonneville,16019,BERYLLIUM COMPOUNDS,7.255436222999999e-06,104234
Bonneville,16019,BIS(2-ETHYLHEXYL)PHTHALATE (DEHP),4.0768169999999994e-09,104234
Bonneville,16019,BROMOFORM,0.0,104234
Bonneville,16019,CADMIUM COMPOUNDS,0.004394547094509,104234
Bonneville,16019,CARBON TETRACHLORIDE,7.0549579129999995e-06,104234
Bonneville,16019,CHLOROPRENE,0.0,104234
Bonneville,16019,CHROMIUM VI (HEXAVALENT),0.015543843416482,104234
Bonneville,16019,EPICHLOROHYDRIN,0.0,104234
Bonneville,16019,ETHYLBENZENE,1.224225834e-06,104234
Bonneville,16019,ETHYLENE DIBROMIDE (DIBROMOETHANE),0.0,104234
Bonneville,16019,"ETHYLENE DICHLORIDE (1,2-DICHLOROETHANE)",1.6684484727e-05,104234
Bonneville,16019,ETHYLENE OXIDE,0.0,104234
Bonneville,16019,"ETHYLIDENE DICHLORIDE (1,1-DICHLOROETHANE)",0.0,104234
Bonneville,16019,FORMALDEHYDE,0.000994874134015,104234
Bonneville,16019,HEXACHLOROBENZENE,0.0,104234
Bonneville,16019,HEXACHLOROBUTADIENE,0.0,104234
Bonneville,16019,METHYL TERT-BUTYL ETHER,0.0,104234
Bonneville,16019,METHYLENE CHLORIDE,1.032084906e-06,104234
Bonneville,16019,NAPHTHALENE,6.0821244183e-05,104234
Bonneville,16019,NICKEL COMPOUNDS,0.0007224682018060002,104234
Bonneville,16019,NITROBENZENE,0.0,104234
Bonneville,16019,O-TOLUIDINE,0.0,104234
Bonneville,16019,PAHPOM,2.244151516e-06,104234
Bonneville,16019,PENTACHLOROPHENOL,9.623388e-09,104234
Bonneville,16019,POLYCHLORINATED BIPHENYLS (AROCLORS),0.0,104234
Bonneville,16019,PROPYLENE OXIDE,1.0855164414000001e-05,104234
Bonneville,16019,TETRACHLOROETHYLENE,2.89209369e-07,104234
Bonneville,16019,TRICHLOROETHYLENE,3.010390769e-06,104234
Bonneville,16019,VINYL CHLORIDE,2.7999262979999995e-06,104234
Boundary,16021,"1,1,2-TRICHLOROETHANE",0.0,10972
Boundary,16021,"1,3-BUTADIENE",0.0,10972
Boundary,16021,"1,3-DICHLOROPROPENE",0.0,10972
Boundary,16021,"1,4-DICHLOROBENZENE",0.0,10972
Boundary,16021,"1,4-DIOXANE",0.0,10972
Boundary,16021,"2,4,6-TRICHLOROPHENOL",0.0,10972
Boundary,16021,"2,4-DINITROTOLUENE",0.0,10972
Boundary,16021,"2,4-TOLUENE DIISOCYANATE",0.0,10972
Boundary,16021,2-NITROPROPANE,0.0,10972
Boundary,16021,ACETALDEHYDE,0.012186156827238002,10972
Boundary,16021,ACETAMIDE,0.0,10972
Boundary,16021,ACRYLONITRILE,0.0,10972
Boundary,16021,ALLYL CHLORIDE,0.0,10972
Boundary,16021,ARSENIC COMPOUNDS(INORGANIC INCLUDING ARSINE),0.001183542042955,10972
Boundary,16021,BENZENE,0.019633415112424998,10972
Boundary,16021,BENZYL CHLORIDE,0.0,10972
Boundary,16021,BERYLLIUM COMPOUNDS,1.2028775549e-05,10972
Boundary,16021,BIS(2-ETHYLHEXYL)PHTHALATE (DEHP),1.00769222e-07,10972
Boundary,16021,BROMOFORM,0.0,10972
Boundary,16021,CADMIUM COMPOUNDS,0.0004894808694930001,10972
Boundary,16021,CARBON TETRACHLORIDE,0.000340459791968,10972
Boundary,16021,CHLOROPRENE,0.0,10972
Boundary,16021,CHROMIUM VI (HEXAVALENT),0.0020336702251220005,10972
Boundary,16021,EPICHLOROHYDRIN,0.0,10972
Boundary,16021,ETHYLBENZENE,4.1793081989000005e-05,10972
Boundary,16021,ETHYLENE DIBROMIDE (DIBROMOETHANE),0.0,10972
Boundary,16021,"ETHYLENE DICHLORIDE (1,2-DICHLOROETHANE)",0.00078091731896,10972
Boundary,16021,ETHYLENE OXIDE,0.0,10972
Boundary,16021,"ETHYLIDENE DICHLORIDE (1,1-DICHLOROETHANE)",0.0,10972
Boundary,16021,FORMALDEHYDE,0.013680600308671003,10972
Boundary,16021,HEXACHLOROBENZENE,0.0,10972
Boundary,16021,HEXACHLOROBUTADIENE,0.0,10972
Boundary,16021,METHYL TERT-BUTYL ETHER,0.0,10972
Boundary,16021,METHYLENE CHLORIDE,0.00029771912356,10972
Boundary,16021,NAPHTHALENE,0.0004078643484559999,10972
Boundary,16021,NICKEL COMPOUNDS,0.0026260812381550002,10972
Boundary,16021,NITROBENZENE,0.0,10972
Boundary,16021,O-TOLUIDINE,0.0,10972
Boundary,16021,PAHPOM,3.6644719810000006e-06,10972
Boundary,16021,PENTACHLOROPHENOL,2.38662484e-07,10972
Boundary,16021,POLYCHLORINATED BIPHENYLS (AROCLORS),0.0,10972
Boundary,16021,PROPYLENE OXIDE,0.0,10972
Boundary,16021,TETRACHLOROETHYLENE,5.080025329e-05,10972
Boundary,16021,TRICHLOROETHYLENE,0.000159448422842,10972
Boundary,16021,VINYL CHLORIDE,9.494759395200001e-05,10972
Butte,16023,"1,1,2-TRICHLOROETHANE",0.0,2891
Butte,16023,"1,3-BUTADIENE",8.774700000000001e-09,2891
Butte,16023,"1,3-DICHLOROPROPENE",0.0,2891
Butte,16023,"1,4-DICHLOROBENZENE",0.0,2891
Butte,16023,"1,4-DIOXANE",0.0,2891
Butte,16023,"2,4,6-TRICHLOROPHENOL",0.0,2891
Butte,16023,"2,4-DINITROTOLUENE",0.0,2891
Butte,16023,"2,4-TOLUENE DIISOCYANATE",0.0,2891
Butte,16023,2-NITROPROPANE,0.0,2891
Butte,16023,ACETALDEHYDE,1.147432e-08,2891
Butte,16023,ACETAMIDE,0.0,2891
Butte,16023,ACRYLONITRILE,0.0,2891
Butte,16023,ALLYL CHLORIDE,0.0,2891
Butte,16023,ARSENIC COMPOUNDS(INORGANIC INCLUDING ARSINE),0.00046684341050000003,2891
Butte,16023,BENZENE,3.9076976773000004e-05,2891
Butte,16023,BENZYL CHLORIDE,0.0,2891
Butte,16023,BERYLLIUM COMPOUNDS,8.21636616e-05,2891
Butte,16023,BIS(2-ETHYLHEXYL)PHTHALATE (DEHP),0.0,2891
Butte,16023,BROMOFORM,0.0,2891
Butte,16023,CADMIUM COMPOUNDS,0.0007712302409999999,2891
Butte,16023,CARBON TETRACHLORIDE,0.0,2891
Butte,16023,CHLOROPRENE,0.0,2891
Butte,16023,CHROMIUM VI (HEXAVALENT),0.001317087492,2891
Butte,16023,EPICHLOROHYDRIN,0.0,2891
Butte,16023,ETHYLBENZENE,5.012025e-09,2891
Butte,16023,ETHYLENE DIBROMIDE (DIBROMOETHANE),0.0,2891
Butte,16023,"ETHYLENE DICHLORIDE (1,2-DICHLOROETHANE)",0.0,2891
Butte,16023,ETHYLENE OXIDE,0.0,2891
Butte,16023,"ETHYLIDENE DICHLORIDE (1,1-DICHLOROETHANE)",0.0,2891
Butte,16023,FORMALDEHYDE,4.714890232e-06,2891
Butte,16023,HEXACHLOROBENZENE,0.0,2891
Butte,16023,HEXACHLOROBUTADIENE,0.0,2891
Butte,16023,METHYL TERT-BUTYL ETHER,0.0,2891
Butte,16023,METHYLENE CHLORIDE,0.0,2891
Butte,16023,NAPHTHALENE,3.084926522e-06,2891
Butte,16023,NICKEL COMPOUNDS,7.155883968e-05,2891
Butte,16023,NITROBENZENE,0.0,2891
Butte,16023,O-TOLUIDINE,0.0,2891
Butte,16023,PAHPOM,5.660214620000001e-07,2891
Butte,16023,PENTACHLOROPHENOL,0.0,2891
Butte,16023,POLYCHLORINATED BIPHENYLS (AROCLORS),0.0,2891
Butte,16023,PROPYLENE OXIDE,0.0,2891
Butte,16023,TETRACHLOROETHYLENE,0.0,2891
Butte,16023,TRICHLOROETHYLENE,0.0,2891
Butte,16023,VINYL CHLORIDE,0.0,2891
Camas,16025,"1,1,2-TRICHLOROETHANE",0.0,1117
Camas,16025,"1,3-BUTADIENE",0.0,1117
Camas,16025,"1,3-DICHLOROPROPENE",0.0,1117
Camas,16025,"1,4-DICHLOROBENZENE",0.0,1117
Camas,16025,"1,4-DIOXANE",0.0,1117
Camas,16025,"2,4,6-TRICHLOROPHENOL",0.0,1117
Camas,16025,"2,4-DINITROTOLUENE",0.0,1117
Camas,16025,"2,4-TOLUENE DIISOCYANATE",0.0,1117
Camas,16025,2-NITROPROPANE,0.0,1117
Camas,16025,ACETALDEHYDE,4.08978e-10,1117
Camas,16025,ACETAMIDE,0.0,1117
Camas,16025,ACRYLONITRILE,0.0,1117
Camas,16025,ALLYL CHLORIDE,0.0,1117
Camas,16025,ARSENIC COMPOUNDS(INORGANIC INCLUDING ARSINE),0.0,1117
Camas,16025,BENZENE,5.679227e-09,1117
Camas,16025,BENZYL CHLORIDE,0.0,1117
Camas,16025,BERYLLIUM COMPOUNDS,0.0,1117
Camas,16025,BIS(2-ETHYLHEXYL)PHTHALATE (DEHP),0.0,1117
Camas,16025,BROMOFORM,0.0,1117
Camas,16025,CADMIUM COMPOUNDS,0.0,1117
Camas,16025,CARBON TETRACHLORIDE,0.0,1117
Camas,16025,CHLOROPRENE,0.0,1117
Camas,16025,CHROMIUM VI (HEXAVALENT),0.0,1117
Camas,16025,EPICHLOROHYDRIN,0.0,1117
Camas,16025,ETHYLBENZENE,5.422050000000001e-10,1117
Camas,16025,ETHYLENE DIBROMIDE (DIBROMOETHANE),0.0,1117
Camas,16025,"ETHYLENE DICHLORIDE (1,2-DICHLOROETHANE)",0.0,1117
Camas,16025,ETHYLENE OXIDE,0.0,1117
Camas,16025,"ETHYLIDENE DICHLORIDE (1,1-DICHLOROETHANE)",0.0,1117
Camas,16025,FORMALDEHYDE,8.659806999999999e-09,1117
Camas,16025,HEXACHLOROBENZENE,0.0,1117
Camas,16025,HEXACHLOROBUTADIENE,0.0,1117
Camas,16025,METHYL TERT-BUTYL ETHER,0.0,1117
Camas,16025,METHYLENE CHLORIDE,0.0,1117
Camas,16025,NAPHTHALENE,1.4218799999999999e-10,1117
Camas,16025,NICKEL COMPOUNDS,0.0,1117
Camas,16025,NITROBENZENE,0.0,1117
Camas,16025,O-TOLUIDINE,0.0,1117
Camas,16025,PAHPOM,0.0,1117
Camas,16025,PENTACHLOROPHENOL,0.0,1117
Camas,16025,POLYCHLORINATED BIPHENYLS (AROCLORS),0.0,1117
Camas,16025,PROPYLENE OXIDE,0.0,1117
Camas,16025,TETRACHLOROETHYLENE,0.0,1117
Camas,16025,TRICHLOROETHYLENE,0.0,1117
Camas,16025,VINYL CHLORIDE,0.0,1117
Canyon,16027,"1,1,2-TRICHLOROETHANE",2.0804952690000003e-06,188922
Canyon,16027,"1,3-BUTADIENE",2.5995124755e-05,188922
Canyon,16027,"1,3-DICHLOROPROPENE",2.34494131e-07,188922
Canyon,16027,"1,4-DICHLOROBENZENE",0.000140831902725,188922
Canyon,16027,"1,4-DIOXANE",0.0,188922
Canyon,16027,"2,4,6-TRICHLOROPHENOL",0.0,188922
Canyon,16027,"2,4-DINITROTOLUENE",0.0,188922
Canyon,16027,"2,4-TOLUENE DIISOCYANATE",0.0,188922
Canyon,16027,2-NITROPROPANE,0.0,188922
Canyon,16027,ACETALDEHYDE,2.7054469875e-05,188922
Canyon,16027,ACETAMIDE,0.0,188922
Canyon,16027,ACRYLONITRILE,0.009454893810628001,188922
Canyon,16027,ALLYL CHLORIDE,0.0,188922
Canyon,16027,ARSENIC COMPOUNDS(INORGANIC INCLUDING ARSINE),0.010346314438281,188922
Canyon,16027,BENZENE,0.000859366113513,188922
Canyon,16027,BENZYL CHLORIDE,0.0,188922
Canyon,16027,BERYLLIUM COMPOUNDS,5.188549301e-06,188922
Canyon,16027,BIS(2-ETHYLHEXYL)PHTHALATE (DEHP),0.0,188922
Canyon,16027,BROMOFORM,0.0,188922
Canyon,16027,CADMIUM COMPOUNDS,0.001252654920557,188922
Canyon,16027,CARBON TETRACHLORIDE,1.92324327e-06,188922
Canyon,16027,CHLOROPRENE,0.0,188922
Canyon,16027,CHROMIUM VI (HEXAVALENT),0.000341719421277,188922
Canyon,16027,EPICHLOROHYDRIN,0.0,188922
Canyon,16027,ETHYLBENZENE,0.000464271181876,188922
Canyon,16027,ETHYLENE DIBROMIDE (DIBROMOETHANE),5.6417764616000003e-05,188922
Canyon,16027,"ETHYLENE DICHLORIDE (1,2-DICHLOROETHANE)",0.000478471705566,188922
Canyon,16027,ETHYLENE OXIDE,0.0,188922
Canyon,16027,"ETHYLIDENE DICHLORIDE (1,1-DICHLOROETHANE)",0.00026998593102099997,188922
Canyon,16027,FORMALDEHYDE,0.0019998303522570002,188922
Canyon,16027,HEXACHLOROBENZENE,0.0,188922
Canyon,16027,HEXACHLOROBUTADIENE,0.0,188922
Canyon,16027,METHYL TERT-BUTYL ETHER,0.0,188922
Canyon,16027,METHYLENE CHLORIDE,6.9744398676e-05,188922
Canyon,16027,NAPHTHALENE,5.5445015376e-05,188922
Canyon,16027,NICKEL COMPOUNDS,0.002662722387723,188922
Canyon,16027,NITROBENZENE,0.0,188922
Canyon,16027,O-TOLUIDINE,0.0,188922
Canyon,16027,PAHPOM,5.844339201e-06,188922
Canyon,16027,PENTACHLOROPHENOL,0.0,188922
Canyon,16027,POLYCHLORINATED BIPHENYLS (AROCLORS),1.98061314e-07,188922
Canyon,16027,PROPYLENE OXIDE,0.0,188922
Canyon,16027,TETRACHLOROETHYLENE,9.7455535626e-05,188922
Canyon,16027,TRICHLOROETHYLENE,0.0007732206836919999,188922
Canyon,16027,VINYL CHLORIDE,0.00165036227399,188922
Caribou,16029,"1,1,2-TRICHLOROETHANE",0.0,6963
Caribou,16029,"1,3-BUTADIENE",0.0,6963
Caribou,16029,"1,3-DICHLOROPROPENE",0.0,6963
Caribou,16029,"1,4-DICHLOROBENZENE",4.52119133e-07,6963
Caribou,16029,"1,4-DIOXANE",0.0,6963
Caribou,16029,"2,4,6-TRICHLOROPHENOL",0.0,6963
Caribou,16029,"2,4-DINITROTOLUENE",0.0,6963
Caribou,16029,"2,4-TOLUENE DIISOCYANATE",0.0,6963
Caribou,16029,2-NITROPROPANE,0.0,6963
Caribou,16029,ACETALDEHYDE,0.0,6963
Caribou,16029,ACETAMIDE,0.0,6963
Caribou,16029,ACRYLONITRILE,1.3093876596e-05,6963
Caribou,16029,ALLYL CHLORIDE,0.0,6963
Caribou,16029,ARSENIC COMPOUNDS(INORGANIC INCLUDING ARSINE),0.7765407112895699,6963
Caribou,16029,BENZENE,6.785202785e-06,6963
Caribou,16029,BENZYL CHLORIDE,0.0,6963
Caribou,16029,BERYLLIUM COMPOUNDS,0.0,6963
Caribou,16029,BIS(2-ETHYLHEXYL)PHTHALATE (DEHP),0.0,6963
Caribou,16029,BROMOFORM,0.0,6963
Caribou,16029,CADMIUM COMPOUNDS,2.825615029978422,6963
Caribou,16029,CARBON TETRACHLORIDE,6.460875000000001e-09,6963
Caribou,16029,CHLOROPRENE,0.0,6963
Caribou,16029,CHROMIUM VI (HEXAVALENT),7.681671544176207,6963
Caribou,16029,EPICHLOROHYDRIN,0.0,6963
Caribou,16029,ETHYLBENZENE,1.124650587e-06,6963
Caribou,16029,ETHYLENE DIBROMIDE (DIBROMOETHANE),1.2393033199999999e-07,6963
Caribou,16029,"ETHYLENE DICHLORIDE (1,2-DICHLOROETHANE)",1.7487471220000001e-06,6963
Caribou,16029,ETHYLENE OXIDE,0.0,6963
Caribou,16029,"ETHYLIDENE DICHLORIDE (1,1-DICHLOROETHANE)",2.6296112e-07,6963
Caribou,16029,FORMALDEHYDE,1.7811355995e-05,6963
Caribou,16029,HEXACHLOROBENZENE,0.0,6963
Caribou,16029,HEXACHLOROBUTADIENE,0.0,6963
Caribou,16029,METHYL TERT-BUTYL ETHER,0.0,6963
Caribou,16029,METHYLENE CHLORIDE,3.4221812060000003e-06,6963
Caribou,16029,NAPHTHALENE,5.795618829999999e-07,6963
Caribou,16029,NICKEL COMPOUNDS,0.197627509795436,6963
Caribou,16029,NITROBENZENE,0.0,6963
Caribou,16029,O-TOLUIDINE,0.0,6963
Caribou,16029,PAHPOM,4.6334647e-08,6963
Caribou,16029,PENTACHLOROPHENOL,0.0,6963
Caribou,16029,POLYCHLORINATED BIPHENYLS (AROCLORS),0.0,6963
Caribou,16029,PROPYLENE OXIDE,0.0,6963
Caribou,16029,TETRACHLOROETHYLENE,2.5246890640000003e-06,6963
Caribou,16029,TRICHLOROETHYLENE,6.953787674e-06,6963
Caribou,16029,VINYL CHLORIDE,2.044089175e-06,6963
Cassia,16031,"1,1,2-TRICHLOROETHANE",0.0,22952
Cassia,16031,"1,3-BUTADIENE",0.0,22952
Cassia,16031,"1,3-DICHLOROPROPENE",0.0,22952
Cassia,16031,"1,4-DICHLOROBENZENE",0.0,22952
Cassia,16031,"1,4-DIOXANE",0.0,22952
Cassia,16031,"2,4,6-TRICHLOROPHENOL",0.0,22952
Cassia,16031,"2,4-DINITROTOLUENE",0.0,22952
Cassia,16031,"2,4-TOLUENE DIISOCYANATE",0.0,22952
Cassia,16031,2-NITROPROPANE,0.0,22952
Cassia,16031,ACETALDEHYDE,0.0,22952
Cassia,16031,ACETAMIDE,0.0,22952
Cassia,16031,ACRYLONITRILE,0.0,22952
Cassia,16031,ALLYL CHLORIDE,0.0,22952
Cassia,16031,ARSENIC COMPOUNDS(INORGANIC INCLUDING ARSINE),0.000457398041045,22952
Cassia,16031,BENZENE,7.99578356e-07,22952
Cassia,16031,BENZYL CHLORIDE,0.0,22952
Cassia,16031,BERYLLIUM COMPOUNDS,0.0,22952
Cassia,16031,BIS(2-ETHYLHEXYL)PHTHALATE (DEHP),0.0,22952
Cassia,16031,BROMOFORM,0.0,22952
Cassia,16031,CADMIUM COMPOUNDS,0.00019164985170700002,22952
Cassia,16031,CARBON TETRACHLORIDE,0.0,22952
Cassia,16031,CHLOROPRENE,0.0,22952
Cassia,16031,CHROMIUM VI (HEXAVALENT),5.1138136912e-05,22952
Cassia,16031,EPICHLOROHYDRIN,0.0,22952
Cassia,16031,ETHYLBENZENE,0.0,22952
Cassia,16031,ETHYLENE DIBROMIDE (DIBROMOETHANE),0.0,22952
Cassia,16031,"ETHYLENE DICHLORIDE (1,2-DICHLOROETHANE)",0.0,22952
Cassia,16031,ETHYLENE OXIDE,0.0,22952
Cassia,16031,"ETHYLIDENE DICHLORIDE (1,1-DICHLOROETHANE)",0.0,22952
Cassia,16031,FORMALDEHYDE,1.3164465131e-05,22952
Cassia,16031,HEXACHLOROBENZENE,0.0,22952
Cassia,16031,HEXACHLOROBUTADIENE,0.0,22952
Cassia,16031,METHYL TERT-BUTYL ETHER,0.0,22952
Cassia,16031,METHYLENE CHLORIDE,0.0,22952
Cassia,16031,NAPHTHALENE,2.8600965600000003e-07,22952
Cassia,16031,NICKEL COMPOUNDS,0.00024474421929299996,22952
Cassia,16031,NITROBENZENE,0.0,22952
Cassia,16031,O-TOLUIDINE,0.0,22952
Cassia,16031,PAHPOM,7.879948e-09,22952
Cassia,16031,PENTACHLOROPHENOL,0.0,22952
Cassia,16031,POLYCHLORINATED BIPHENYLS (AROCLORS),0.0,22952
Cassia,16031,PROPYLENE OXIDE,0.0,22952
Cassia,16031,TETRACHLOROETHYLENE,0.0,22952
Cassia,16031,TRICHLOROETHYLENE,0.0,22952
Cassia,16031,VINYL CHLORIDE,0.0,22952
Clark,16033,"1,1,2-TRICHLOROETHANE",0.0,982
Clark,16033,"1,3-BUTADIENE",1.7843999999999998e-10,982
Clark,16033,"1,3-DICHLOROPROPENE",0.0,982
Clark,16033,"1,4-DICHLOROBENZENE",0.0,982
Clark,16033,"1,4-DIOXANE",0.0,982
Clark,16033,"2,4,6-TRICHLOROPHENOL",0.0,982
Clark,16033,"2,4-DINITROTOLUENE",0.0,982
Clark,16033,"2,4-TOLUENE DIISOCYANATE",0.0,982
Clark,16033,2-NITROPROPANE,0.0,982
Clark,16033,ACETALDEHYDE,3.2704628e-07,982
Clark,16033,ACETAMIDE,0.0,982
Clark,16033,ACRYLONITRILE,0.0,982
Clark,16033,ALLYL CHLORIDE,0.0,982
Clark,16033,ARSENIC COMPOUNDS(INORGANIC INCLUDING ARSINE),7.997450459999999e-05,982
Clark,16033,BENZENE,3.8450710038e-05,982
Clark,16033,BENZYL CHLORIDE,0.0,982
Clark,16033,BERYLLIUM COMPOUNDS,3.2412240000000004e-07,982
Clark,16033,BIS(2-ETHYLHEXYL)PHTHALATE (DEHP),1.05358e-10,982
Clark,16033,BROMOFORM,0.0,982
Clark,16033,CADMIUM COMPOUNDS,2.13023124e-05,982
Clark,16033,CARBON TETRACHLORIDE,2.93875644e-07,982
Clark,16033,CHLOROPRENE,0.0,982
Clark,16033,CHROMIUM VI (HEXAVALENT),0.000614142336,982
Clark,16033,EPICHLOROHYDRIN,0.0,982
Clark,16033,ETHYLBENZENE,3.1912118e-08,982
Clark,16033,ETHYLENE DIBROMIDE (DIBROMOETHANE),0.0,982
Clark,16033,"ETHYLENE DICHLORIDE (1,2-DICHLOROETHANE)",6.27076164e-07,982
Clark,16033,ETHYLENE OXIDE,0.0,982
Clark,16033,"ETHYLIDENE DICHLORIDE (1,1-DICHLOROETHANE)",0.0,982
Clark,16033,FORMALDEHYDE,1.023768486e-05,982
Clark,16033,HEXACHLOROBENZENE,0.0,982
Clark,16033,HEXACHLOROBUTADIENE,0.0,982
Clark,16033,METHYL TERT-BUTYL ETHER,0.0,982
Clark,16033,METHYLENE CHLORIDE,3.9395603299999997e-07,982
Clark,16033,NAPHTHALENE,1.22973342e-06,982
Clark,16033,NICKEL COMPOUNDS,2.376179376e-05,982
Clark,16033,NITROBENZENE,0.0,982
Clark,16033,O-TOLUIDINE,0.0,982
Clark,16033,PAHPOM,3.867697e-08,982
Clark,16033,PENTACHLOROPHENOL,2.47993e-10,982
Clark,16033,POLYCHLORINATED BIPHENYLS (AROCLORS),0.0,982
Clark,16033,PROPYLENE OXIDE,0.0,982
Clark,16033,TETRACHLOROETHYLENE,5.4041644e-08,982
Clark,16033,TRICHLOROETHYLENE,1.22727562e-07,982
Clark,16033,VINYL CHLORIDE,4.1001136e-08,982
Clearwater,16035,"1,1,2-TRICHLOROETHANE",0.0,8761
Clearwater,16035,"1,3-BUTADIENE",0.0,8761
Clearwater,16035,"1,3-DICHLOROPROPENE",0.0,8761
Clearwater,16035,"1,4-DICHLOROBENZENE",0.0,8761
Clearwater,16035,"1,4-DIOXANE",0.0,8761
Clearwater,16035,"2,4,6-TRICHLOROPHENOL",0.0,8761
Clearwater,16035,"2,4-DINITROTOLUENE",0.0,8761
Clearwater,16035,"2,4-TOLUENE DIISOCYANATE",0.0,8761
Clearwater,16035,2-NITROPROPANE,0.0,8761
Clearwater,16035,ACETALDEHYDE,0.00031448494814599994,8761
Clearwater,16035,ACETAMIDE,0.0,8761
Clearwater,16035,ACRYLONITRILE,0.0,8761
Clearwater,16035,ALLYL CHLORIDE,0.0,8761
Clearwater,16035,ARSENIC COMPOUNDS(INORGANIC INCLUDING ARSINE),0.00015084481668200002,8761
Clearwater,16035,BENZENE,0.0017713035665899999,8761
Clearwater,16035,BENZYL CHLORIDE,0.0,8761
Clearwater,16035,BERYLLIUM COMPOUNDS,2.12689073e-06,8761
Clearwater,16035,BIS(2-ETHYLHEXYL)PHTHALATE (DEHP),1.3993640000000003e-09,8761
Clearwater,16035,BROMOFORM,0.0,8761
Clearwater,16035,CADMIUM COMPOUNDS,2.6065804821999994e-05,8761
Clearwater,16035,CARBON TETRACHLORIDE,8.935685669e-06,8761
Clearwater,16035,CHLOROPRENE,0.0,8761
Clearwater,16035,CHROMIUM VI (HEXAVALENT),0.000115839710483,8761
Clearwater,16035,EPICHLOROHYDRIN,0.0,8761
Clearwater,16035,ETHYLBENZENE,8.09656282e-07,8761
Clearwater,16035,ETHYLENE DIBROMIDE (DIBROMOETHANE),0.0,8761
Clearwater,16035,"ETHYLENE DICHLORIDE (1,2-DICHLOROETHANE)",1.7598780385000002e-05,8761
Clearwater,16035,ETHYLENE OXIDE,0.0,8761
Clearwater,16035,"ETHYLIDENE DICHLORIDE (1,1-DICHLOROETHANE)",0.0,8761
Clearwater,16035,FORMALDEHYDE,0.00046376821370899997,8761
Clearwater,16035,HEXACHLOROBENZENE,0.0,8761
Clearwater,16035,HEXACHLOROBUTADIENE,0.0,8761
Clearwater,16035,METHYL TERT-BUTYL ETHER,0.0,8761
Clearwater,16035,METHYLENE CHLORIDE,7.659921312000002e-06,8761
Clearwater,16035,NAPHTHALENE,0.0008409225909489998,8761
Clearwater,16035,NICKEL COMPOUNDS,6.5171352183e-05,8761
Clearwater,16035,NITROBENZENE,0.0,8761
Clearwater,16035,O-TOLUIDINE,0.0,8761
Clearwater,16035,PAHPOM,3.336050856e-06,8761
Clearwater,16035,PENTACHLOROPHENOL,3.3029619999999997e-09,8761
Clearwater,16035,POLYCHLORINATED BIPHENYLS (AROCLORS),0.0,8761
Clearwater,16035,PROPYLENE OXIDE,0.0,8761
Clearwater,16035,TETRACHLOROETHYLENE,1.054459475e-06,8761
Clearwater,16035,TRICHLOROETHYLENE,3.3529522070000003e-06,8761
Clearwater,16035,VINYL CHLORIDE,1.8070265669999997e-06,8761
Custer,16037,"1,1,2-TRICHLOROETHANE",0.0,4368
Custer,16037,"1,3-BUTADIENE",9.156e-11,4368
Custer,16037,"1,3-DICHLOROPROPENE",0.0,4368
Custer,16037,"1,4-DICHLOROBENZENE",0.0,4368
Custer,16037,"1,4-DIOXANE",0.0,4368
Custer,16037,"2,4,6-TRICHLOROPHENOL",0.0,4368
Custer,16037,"2,4-DINITROTOLUENE",0.0,4368
Custer,16037,"2,4-TOLUENE DIISOCYANATE",0.0,4368
Custer,16037,2-NITROPROPANE,0.0,4368
Custer,16037,ACETALDEHYDE,4.888219999999999e-10,4368
Custer,16037,ACETAMIDE,0.0,4368
Custer,16037,ACRYLONITRILE,0.0,4368
Custer,16037,ALLYL CHLORIDE,0.0,4368
Custer,16037,ARSENIC COMPOUNDS(INORGANIC INCLUDING ARSINE),4.7635529e-06,4368
Custer,16037,BENZENE,4.88470687e-07,4368
Custer,16037,BENZYL CHLORIDE,0.0,4368
Custer,16037,BERYLLIUM COMPOUNDS,1.2871056000000001e-06,4368
Custer,16037,BIS(2-ETHYLHEXYL)PHTHALATE (DEHP),0.0,4368
Custer,16037,BROMOFORM,0.0,4368
Custer,16037,CADMIUM COMPOUNDS,1.1111511599999998e-05,4368
Custer,16037,CARBON TETRACHLORIDE,0.0,4368
Custer,16037,CHLOROPRENE,0.0,4368
Custer,16037,CHROMIUM VI (HEXAVALENT),0.003056485416,4368
Custer,16037,EPICHLOROHYDRIN,0.0,4368
Custer,16037,ETHYLBENZENE,4.1095e-11,4368
Custer,16037,ETHYLENE DIBROMIDE (DIBROMOETHANE),0.0,4368
Custer,16037,"ETHYLENE DICHLORIDE (1,2-DICHLOROETHANE)",0.0,4368
Custer,16037,ETHYLENE OXIDE,0.0,4368
Custer,16037,"ETHYLIDENE DICHLORIDE (1,1-DICHLOROETHANE)",0.0,4368
Custer,16037,FORMALDEHYDE,4.2045848e-08,4368
Custer,16037,HEXACHLOROBENZENE,0.0,4368
Custer,16037,HEXACHLOROBUTADIENE,0.0,4368
Custer,16037,METHYL TERT-BUTYL ETHER,0.0,4368
Custer,16037,METHYLENE CHLORIDE,0.0,4368
Custer,16037,NAPHTHALENE,2.9995717999999996e-08,4368
Custer,16037,NICKEL COMPOUNDS,8.994412992e-05,4368
Custer,16037,NITROBENZENE,0.0,4368
Custer,16037,O-TOLUIDINE,0.0,4368
Custer,16037,PAHPOM,6.947078000000001e-09,4368
Custer,16037,PENTACHLOROPHENOL,0.0,4368
Custer,16037,POLYCHLORINATED BIPHENYLS (AROCLORS),0.0,4368
Custer,16037,PROPYLENE OXIDE,0.0,4368
Custer,16037,TETRACHLOROETHYLENE,0.0,4368
Custer,16037,TRICHLOROETHYLENE,0.0,4368
Custer,16037,VINYL CHLORIDE,0.0,4368
Elmore,16039,"1,1,2-TRICHLOROETHANE",0.0,27038
Elmore,16039,"1,3-BUTADIENE",1.35943459e-07,27038
Elmore,16039,"1,3-DICHLOROPROPENE",0.0,27038
Elmore,16039,"1,4-DICHLOROBENZENE",1.1368060829999998e-06,27038
Elmore,16039,"1,4-DIOXANE",0.0,27038
Elmore,16039,"2,4,6-TRICHLOROPHENOL",0.0,27038
Elmore,16039,"2,4-DINITROTOLUENE",0.0,27038
Elmore,16039,"2,4-TOLUENE DIISOCYANATE",0.0,27038
Elmore,16039,2-NITROPROPANE,0.0,27038
Elmore,16039,ACETALDEHYDE,6.849640607000001e-06,27038
Elmore,16039,ACETAMIDE,0.0,27038
Elmore,16039,ACRYLONITRILE,0.0,27038
Elmore,16039,ALLYL CHLORIDE,0.0,27038
Elmore,16039,ARSENIC COMPOUNDS(INORGANIC INCLUDING ARSINE),0.001203425399713,27038
Elmore,16039,BENZENE,0.00016280050824500001,27038
Elmore,16039,BENZYL CHLORIDE,0.0,27038
Elmore,16039,BERYLLIUM COMPOUNDS,8.579060701500001e-05,27038
Elmore,16039,BIS(2-ETHYLHEXYL)PHTHALATE (DEHP),0.0,27038
Elmore,16039,BROMOFORM,0.0,27038
Elmore,16039,CADMIUM COMPOUNDS,0.000175081443042,27038
Elmore,16039,CARBON TETRACHLORIDE,0.0,27038
Elmore,16039,CHLOROPRENE,0.0,27038
Elmore,16039,CHROMIUM VI (HEXAVALENT),0.027124548901386,27038
Elmore,16039,EPICHLOROHYDRIN,0.0,27038
Elmore,16039,ETHYLBENZENE,9.0487289575e-05,27038
Elmore,16039,ETHYLENE DIBROMIDE (DIBROMOETHANE),0.0,27038
Elmore,16039,"ETHYLENE DICHLORIDE (1,2-DICHLOROETHANE)",0.0,27038
Elmore,16039,ETHYLENE OXIDE,0.0008542130690389999,27038
Elmore,16039,"ETHYLIDENE DICHLORIDE (1,1-DICHLOROETHANE)",0.0,27038
Elmore,16039,FORMALDEHYDE,0.00023628089954099996,27038
Elmore,16039,HEXACHLOROBENZENE,0.0,27038
Elmore,16039,HEXACHLOROBUTADIENE,0.0,27038
Elmore,16039,METHYL TERT-BUTYL ETHER,3.46343965e-07,27038
Elmore,16039,METHYLENE CHLORIDE,0.0,27038
Elmore,16039,NAPHTHALENE,2.7022164596000004e-05,27038
Elmore,16039,NICKEL COMPOUNDS,0.001232379716914,27038
Elmore,16039,NITROBENZENE,0.0,27038
Elmore,16039,O-TOLUIDINE,0.0,27038
Elmore,16039,PAHPOM,3.39252436e-07,27038
Elmore,16039,PENTACHLOROPHENOL,0.0,27038
Elmore,16039,POLYCHLORINATED BIPHENYLS (AROCLORS),6.88951803e-06,27038
Elmore,16039,PROPYLENE OXIDE,0.0,27038
Elmore,16039,TETRACHLOROETHYLENE,0.0,27038
Elmore,16039,TRICHLOROETHYLENE,1.4021832069e-05,27038
Elmore,16039,VINYL CHLORIDE,0.0,27038
Franklin,16041,"1,1,2-TRICHLOROETHANE",0.0,12786
Franklin,16041,"1,3-BUTADIENE",0.0,12786
Franklin,16041,"1,3-DICHLOROPROPENE",0.0,12786
Franklin,16041,"1,4-DICHLOROBENZENE",4.526255723999999e-06,12786
Franklin,16041,"1,4-DIOXANE",0.0,12786
Franklin,16041,"2,4,6-TRICHLOROPHENOL",0.0,12786
Franklin,16041,"2,4-DINITROTOLUENE",0.0,12786
Franklin,16041,"2,4-TOLUENE DIISOCYANATE",0.0,12786
Franklin,16041,2-NITROPROPANE,0.0,12786
Franklin,16041,ACETALDEHYDE,7.200000000000001e-14,12786
Franklin,16041,ACETAMIDE,0.0,12786
Franklin,16041,ACRYLONITRILE,0.00031165758959599997,12786
Franklin,16041,ALLYL CHLORIDE,0.0,12786
Franklin,16041,ARSENIC COMPOUNDS(INORGANIC INCLUDING ARSINE),0.003020788841441,12786
Franklin,16041,BENZENE,3.4230223825999994e-05,12786
Franklin,16041,BENZYL CHLORIDE,0.0,12786
Franklin,16041,BERYLLIUM COMPOUNDS,0.0,12786
Franklin,16041,BIS(2-ETHYLHEXYL)PHTHALATE (DEHP),0.0,12786
Franklin,16041,BROMOFORM,0.0,12786
Franklin,16041,CADMIUM COMPOUNDS,0.010614568379738001,12786
Franklin,16041,CARBON TETRACHLORIDE,8.7831163e-08,12786
Franklin,16041,CHLOROPRENE,0.0,12786
Franklin,16041,CHROMIUM VI (HEXAVALENT),0.065254630033205,12786
Franklin,16041,EPICHLOROHYDRIN,0.0,12786
Franklin,16041,ETHYLBENZENE,1.4027051947999999e-05,12786
Franklin,16041,ETHYLENE DIBROMIDE (DIBROMOETHANE),2.025488074e-06,12786
Franklin,16041,"ETHYLENE DICHLORIDE (1,2-DICHLOROETHANE)",2.2364503168e-05,12786
Franklin,16041,ETHYLENE OXIDE,0.0,12786
Franklin,16041,"ETHYLIDENE DICHLORIDE (1,1-DICHLOROETHANE)",8.753668777999999e-06,12786
Franklin,16041,FORMALDEHYDE,6.58010673e-07,12786
Franklin,16041,HEXACHLOROBENZENE,0.0,12786
Franklin,16041,HEXACHLOROBUTADIENE,0.0,12786
Franklin,16041,METHYL TERT-BUTYL ETHER,0.0,12786
Franklin,16041,METHYLENE CHLORIDE,1.5706453710000002e-05,12786
Franklin,16041,NAPHTHALENE,2.588048e-09,12786
Franklin,16041,NICKEL COMPOUNDS,0.016855942618575,12786
Franklin,16041,NITROBENZENE,0.0,12786
Franklin,16041,O-TOLUIDINE,0.0,12786
Franklin,16041,PAHPOM,6.086970720000001e-07,12786
Franklin,16041,PENTACHLOROPHENOL,0.0,12786
Franklin,16041,POLYCHLORINATED BIPHENYLS (AROCLORS),6.218549440000001e-07,12786
Franklin,16041,PROPYLENE OXIDE,0.0,12786
Franklin,16041,TETRACHLOROETHYLENE,7.590035291e-06,12786
Franklin,16041,TRICHLOROETHYLENE,3.0868896498000005e-05,12786
Franklin,16041,VINYL CHLORIDE,5.1656034141e-05,12786
Fremont,16043,"1,1,2-TRICHLOROETHANE",0.0,13242
Fremont,16043,"1,3-BUTADIENE",0.0,13242
Fremont,16043,"1,3-DICHLOROPROPENE",0.0,13242
Fremont,16043,"1,4-DICHLOROBENZENE",0.0,13242
Fremont,16043,"1,4-DIOXANE",0.0,13242
Fremont,16043,"2,4,6-TRICHLOROPHENOL",0.0,13242
Fremont,16043,"2,4-DINITROTOLUENE",0.0,13242
Fremont,16043,"2,4-TOLUENE DIISOCYANATE",0.0,13242
Fremont,16043,2-NITROPROPANE,0.0,13242
Fremont,16043,ACETALDEHYDE,4.27720442e-05,13242
Fremont,16043,ACETAMIDE,0.0,13242
Fremont,16043,ACRYLONITRILE,0.0,13242
Fremont,16043,ALLYL CHLORIDE,0.0,13242
Fremont,16043,ARSENIC COMPOUNDS(INORGANIC INCLUDING ARSINE),0.0076228046360000004,13242
Fremont,16043,BENZENE,0.00333473241982,13242
Fremont,16043,BENZYL CHLORIDE,0.0,13242
Fremont,16043,BERYLLIUM COMPOUNDS,1.8220775692e-05,13242
Fremont,16043,BIS(2-ETHYLHEXYL)PHTHALATE (DEHP),1.4304736e-08,13242
Fremont,16043,BROMOFORM,0.0,13242
Fremont,16043,CADMIUM COMPOUNDS,0.0018093214824389998,13242
Fremont,16043,CARBON TETRACHLORIDE,3.7305377896e-05,13242
Fremont,16043,CHLOROPRENE,0.0,13242
Fremont,16043,CHROMIUM VI (HEXAVALENT),0.060939947964999006,13242
Fremont,16043,EPICHLOROHYDRIN,0.0,13242
Fremont,16043,ETHYLBENZENE,3.2985885860000004e-06,13242
Fremont,16043,ETHYLENE DIBROMIDE (DIBROMOETHANE),0.0,13242
Fremont,16043,"ETHYLENE DICHLORIDE (1,2-DICHLOROETHANE)",5.1750189503999994e-05,13242
Fremont,16043,ETHYLENE OXIDE,0.0,13242
Fremont,16043,"ETHYLIDENE DICHLORIDE (1,1-DICHLOROETHANE)",0.0,13242
Fremont,16043,FORMALDEHYDE,0.001284984571654,13242
Fremont,16043,HEXACHLOROBENZENE,0.0,13242
Fremont,16043,HEXACHLOROBUTADIENE,0.0,13242
Fremont,16043,METHYL TERT-BUTYL ETHER,0.0,13242
Fremont,16043,METHYLENE CHLORIDE,1.2553019195999997e-05,13242
Fremont,16043,NAPHTHALENE,0.000117250811063,13242
Fremont,16043,NICKEL COMPOUNDS,0.001756743838089,13242
Fremont,16043,NITROBENZENE,0.0,13242
Fremont,16043,O-TOLUIDINE,0.0,13242
Fremont,16043,PAHPOM,3.4761616880000002e-06,13242
Fremont,16043,PENTACHLOROPHENOL,3.3788557e-08,13242
Fremont,16043,POLYCHLORINATED BIPHENYLS (AROCLORS),0.0,13242
Fremont,16043,PROPYLENE OXIDE,0.0,13242
Fremont,16043,TETRACHLOROETHYLENE,2.3874550669999998e-06,13242
Fremont,16043,TRICHLOROETHYLENE,1.1476467747000002e-05,13242
Fremont,16043,VINYL CHLORIDE,6.575506448e-06,13242
Gem,16045,"1,1,2-TRICHLOROETHANE",1.563051481e-06,16719
Gem,16045,"1,3-BUTADIENE",1.7953726546e-05,16719
Gem,16045,"1,3-DICHLOROPROPENE",1.9854835900000002e-07,16719
Gem,16045,"1,4-DICHLOROBENZENE",2.8216266213000004e-05,16719
Gem,16045,"1,4-DIOXANE",0.0,16719
Gem,16045,"2,4,6-TRICHLOROPHENOL",0.0,16719
Gem,16045,"2,4-DINITROTOLUENE",0.0,16719
Gem,16045,"2,4-TOLUENE DIISOCYANATE",0.0,16719
Gem,16045,2-NITROPROPANE,0.0,16719
Gem,16045,ACETALDEHYDE,1.7065393725e-05,16719
Gem,16045,ACETAMIDE,0.0,16719
Gem,16045,ACRYLONITRILE,0.0020411460947020003,16719
Gem,16045,ALLYL CHLORIDE,0.0,16719
Gem,16045,ARSENIC COMPOUNDS(INORGANIC INCLUDING ARSINE),0.001485511339026,16719
Gem,16045,BENZENE,0.00027301311577,16719
Gem,16045,BENZYL CHLORIDE,0.0,16719
Gem,16045,BERYLLIUM COMPOUNDS,3.89758557e-07,16719
Gem,16045,BIS(2-ETHYLHEXYL)PHTHALATE (DEHP),0.0,16719
Gem,16045,BROMOFORM,0.0,16719
Gem,16045,CADMIUM COMPOUNDS,0.000161857642227,16719
Gem,16045,CARBON TETRACHLORIDE,3.87042138e-07,16719
Gem,16045,CHLOROPRENE,0.0,16719
Gem,16045,CHROMIUM VI (HEXAVALENT),4.6089589056999994e-05,16719
Gem,16045,EPICHLOROHYDRIN,0.0,16719
Gem,16045,ETHYLBENZENE,0.000109923703542,16719
Gem,16045,ETHYLENE DIBROMIDE (DIBROMOETHANE),1.0708301962e-05,16719
Gem,16045,"ETHYLENE DICHLORIDE (1,2-DICHLOROETHANE)",0.000104506133419,16719
Gem,16045,ETHYLENE OXIDE,0.0,16719
Gem,16045,"ETHYLIDENE DICHLORIDE (1,1-DICHLOROETHANE)",4.263456528199999e-05,16719
Gem,16045,FORMALDEHYDE,0.000995943719299,16719
Gem,16045,HEXACHLOROBENZENE,0.0,16719
Gem,16045,HEXACHLOROBUTADIENE,0.0,16719
Gem,16045,METHYL TERT-BUTYL ETHER,0.0,16719
Gem,16045,METHYLENE CHLORIDE,3.1807198584e-05,16719
Gem,16045,NAPHTHALENE,1.8271196305999998e-05,16719
Gem,16045,NICKEL COMPOUNDS,0.000413075324265,16719
Gem,16045,NITROBENZENE,0.0,16719
Gem,16045,O-TOLUIDINE,0.0,16719
Gem,16045,PAHPOM,7.647904129999999e-07,16719
Gem,16045,PENTACHLOROPHENOL,0.0,16719
Gem,16045,POLYCHLORINATED BIPHENYLS (AROCLORS),0.0,16719
Gem,16045,PROPYLENE OXIDE,0.0,16719
Gem,16045,TETRACHLOROETHYLENE,3.1180426724e-05,16719
Gem,16045,TRICHLOROETHYLENE,0.00019064932748599997,16719
Gem,16045,VINYL CHLORIDE,0.000349288545448,16719
Gooding,16047,"1,1,2-TRICHLOROETHANE",0.0,15464
Gooding,16047,"1,3-BUTADIENE",0.0,15464
Gooding,16047,"1,3-DICHLOROPROPENE",0.0,15464
Gooding,16047,"1,4-DICHLOROBENZENE",0.0,15464
Gooding,16047,"1,4-DIOXANE",0.0,15464
Gooding,16047,"2,4,6-TRICHLOROPHENOL",0.0,15464
Gooding,16047,"2,4-DINITROTOLUENE",0.0,15464
Gooding,16047,"2,4-TOLUENE DIISOCYANATE",0.0,15464
Gooding,16047,2-NITROPROPANE,0.0,15464
Gooding,16047,ACETALDEHYDE,0.0,15464
Gooding,16047,ACETAMIDE,0.0,15464
Gooding,16047,ACRYLONITRILE,0.0,15464
Gooding,16047,ALLYL CHLORIDE,0.0,15464
Gooding,16047,ARSENIC COMPOUNDS(INORGANIC INCLUDING ARSINE),0.00045005586072800004,15464
Gooding,16047,BENZENE,9.3820694e-08,15464
Gooding,16047,BENZYL CHLORIDE,0.0,15464
Gooding,16047,BERYLLIUM COMPOUNDS,0.0,15464
Gooding,16047,BIS(2-ETHYLHEXYL)PHTHALATE (DEHP),0.0,15464
Gooding,16047,BROMOFORM,0.0,15464
Gooding,16047,CADMIUM COMPOUNDS,7.0529506772e-05,15464
Gooding,16047,CARBON TETRACHLORIDE,0.0,15464
Gooding,16047,CHLOROPRENE,0.0,15464
Gooding,16047,CHROMIUM VI (HEXAVALENT),4.954046518999999e-06,15464
Gooding,16047,EPICHLOROHYDRIN,0.0,15464
Gooding,16047,ETHYLBENZENE,0.0,15464
Gooding,16047,ETHYLENE DIBROMIDE (DIBROMOETHANE),0.0,15464
Gooding,16047,"ETHYLENE DICHLORIDE (1,2-DICHLOROETHANE)",0.0,15464
Gooding,16047,ETHYLENE OXIDE,0.0,15464
Gooding,16047,"ETHYLIDENE DICHLORIDE (1,1-DICHLOROETHANE)",0.0,15464
Gooding,16047,FORMALDEHYDE,1.1143695600000002e-06,15464
Gooding,16047,HEXACHLOROBENZENE,0.0,15464
Gooding,16047,HEXACHLOROBUTADIENE,0.0,15464
Gooding,16047,METHYL TERT-BUTYL ETHER,0.0,15464
Gooding,16047,METHYLENE CHLORIDE,0.0,15464
Gooding,16047,NAPHTHALENE,4.0319051000000005e-08,15464
Gooding,16047,NICKEL COMPOUNDS,0.00013412897577299999,15464
Gooding,16047,NITROBENZENE,0.0,15464
Gooding,16047,O-TOLUIDINE,0.0,15464
Gooding,16047,PAHPOM,8.937019999999999e-10,15464
Gooding,16047,PENTACHLOROPHENOL,0.0,15464
Gooding,16047,POLYCHLORINATED BIPHENYLS (AROCLORS),0.0,15464
Gooding,16047,PROPYLENE OXIDE,0.0,15464
Gooding,16047,TETRACHLOROETHYLENE,0.0,15464
Gooding,16047,TRICHLOROETHYLENE,0.0,15464
Gooding,16047,VINYL CHLORIDE,0.0,15464
Idaho,16049,"1,1,2-TRICHLOROETHANE",0.0,16267
Idaho,16049,"1,3-BUTADIENE",0.0,16267
Idaho,16049,"1,3-DICHLOROPROPENE",0.0,16267
Idaho,16049,"1,4-DICHLOROBENZENE",0.0,16267
Idaho,16049,"1,4-DIOXANE",0.0,16267
Idaho,16049,"2,4,6-TRICHLOROPHENOL",0.0,16267
Idaho,16049,"2,4-DINITROTOLUENE",0.0,16267
Idaho,16049,"2,4-TOLUENE DIISOCYANATE",0.0,16267
Idaho,16049,2-NITROPROPANE,0.0,16267
Idaho,16049,ACETALDEHYDE,0.000795269708498,16267
Idaho,16049,ACETAMIDE,0.0,16267
Idaho,16049,ACRYLONITRILE,0.0,16267
Idaho,16049,ALLYL CHLORIDE,0.0,16267
Idaho,16049,ARSENIC COMPOUNDS(INORGANIC INCLUDING ARSINE),0.000474289967714,16267
Idaho,16049,BENZENE,0.017203041817675,16267
Idaho,16049,BENZYL CHLORIDE,0.0,16267
Idaho,16049,BERYLLIUM COMPOUNDS,5.88656134e-06,16267
Idaho,16049,BIS(2-ETHYLHEXYL)PHTHALATE (DEHP),1.5566002000000003e-08,16267
Idaho,16049,BROMOFORM,0.0,16267
Idaho,16049,CADMIUM COMPOUNDS,5.003364460800001e-05,16267
Idaho,16049,CARBON TETRACHLORIDE,0.00013585968645299997,16267
Idaho,16049,CHLOROPRENE,0.0,16267
Idaho,16049,CHROMIUM VI (HEXAVALENT),0.000414160329518,16267
Idaho,16049,EPICHLOROHYDRIN,0.0,16267
Idaho,16049,ETHYLBENZENE,8.50334608e-06,16267
Idaho,16049,ETHYLENE DIBROMIDE (DIBROMOETHANE),0.0,16267
Idaho,16049,"ETHYLENE DICHLORIDE (1,2-DICHLOROETHANE)",0.00021665874709400003,16267
Idaho,16049,ETHYLENE OXIDE,0.0,16267
Idaho,16049,"ETHYLIDENE DICHLORIDE (1,1-DICHLOROETHANE)",0.0,16267
Idaho,16049,FORMALDEHYDE,0.0037232952079590004,16267
Idaho,16049,HEXACHLOROBENZENE,0.0,16267
Idaho,16049,HEXACHLOROBUTADIENE,0.0,16267
Idaho,16049,METHYL TERT-BUTYL ETHER,0.0,16267
Idaho,16049,METHYLENE CHLORIDE,6.3328917858e-05,16267
Idaho,16049,NAPHTHALENE,0.00031557700602,16267
Idaho,16049,NICKEL COMPOUNDS,0.000161160174866,16267
Idaho,16049,NITROBENZENE,0.0,16267
Idaho,16049,O-TOLUIDINE,0.0,16267
Idaho,16049,PAHPOM,1.4984489309999999e-06,16267
Idaho,16049,PENTACHLOROPHENOL,3.6720781e-08,16267
Idaho,16049,POLYCHLORINATED BIPHENYLS (AROCLORS),0.0,16267
Idaho,16049,PROPYLENE OXIDE,0.0,16267
Idaho,16049,TETRACHLOROETHYLENE,8.815647652999999e-06,16267
Idaho,16049,TRICHLOROETHYLENE,2.7031337421999998e-05,16267
Idaho,16049,VINYL CHLORIDE,2.4109750869000005e-05,16267
Jefferson,16051,"1,1,2-TRICHLOROETHANE",0.0,26140
Jefferson,16051,"1,3-BUTADIENE",1.11104e-09,26140
Jefferson,16051,"1,3-DICHLOROPROPENE",0.0,26140
Jefferson,16051,"1,4-DICHLOROBENZENE",0.0,26140
Jefferson,16051,"1,4-DIOXANE",0.0,26140
Jefferson,16051,"2,4,6-TRICHLOROPHENOL",0.0,26140
Jefferson,16051,"2,4-DINITROTOLUENE",0.0,26140
Jefferson,16051,"2,4-TOLUENE DIISOCYANATE",0.0,26140
Jefferson,16051,2-NITROPROPANE,0.0,26140
Jefferson,16051,ACETALDEHYDE,2.4198662838000004e-05,26140
Jefferson,16051,ACETAMIDE,0.0,26140
Jefferson,16051,ACRYLONITRILE,0.0,26140
Jefferson,16051,ALLYL CHLORIDE,0.0,26140
Jefferson,16051,ARSENIC COMPOUNDS(INORGANIC INCLUDING ARSINE),0.0033072382638850003,26140
Jefferson,16051,BENZENE,0.0013895959380979999,26140
Jefferson,16051,BENZYL CHLORIDE,0.0,26140
Jefferson,16051,BERYLLIUM COMPOUNDS,8.668845729000001e-06,26140
Jefferson,16051,BIS(2-ETHYLHEXYL)PHTHALATE (DEHP),7.548384e-09,26140
Jefferson,16051,BROMOFORM,0.0,26140
Jefferson,16051,CADMIUM COMPOUNDS,0.002932924309785,26140
Jefferson,16051,CARBON TETRACHLORIDE,1.2721651201e-05,26140
Jefferson,16051,CHLOROPRENE,0.0,26140
Jefferson,16051,CHROMIUM VI (HEXAVALENT),0.037616392866781,26140
Jefferson,16051,EPICHLOROHYDRIN,0.0,26140
Jefferson,16051,ETHYLBENZENE,1.6261402580000001e-06,26140
Jefferson,16051,ETHYLENE DIBROMIDE (DIBROMOETHANE),0.0,26140
Jefferson,16051,"ETHYLENE DICHLORIDE (1,2-DICHLOROETHANE)",2.2246329681999996e-05,26140
Jefferson,16051,ETHYLENE OXIDE,0.0,26140
Jefferson,16051,"ETHYLIDENE DICHLORIDE (1,1-DICHLOROETHANE)",0.0,26140
Jefferson,16051,FORMALDEHYDE,0.0007737649984299999,26140
Jefferson,16051,HEXACHLOROBENZENE,0.0,26140
Jefferson,16051,HEXACHLOROBUTADIENE,0.0,26140
Jefferson,16051,METHYL TERT-BUTYL ETHER,0.0,26140
Jefferson,16051,METHYLENE CHLORIDE,3.098095444e-06,26140
Jefferson,16051,NAPHTHALENE,6.3921952115e-05,26140
Jefferson,16051,NICKEL COMPOUNDS,0.0008460140758839999,26140
Jefferson,16051,NITROBENZENE,0.0,26140
Jefferson,16051,O-TOLUIDINE,0.0,26140
Jefferson,16051,PAHPOM,1.747315126e-06,26140
Jefferson,16051,PENTACHLOROPHENOL,1.7810607e-08,26140
Jefferson,16051,POLYCHLORINATED BIPHENYLS (AROCLORS),0.0,26140
Jefferson,16051,PROPYLENE OXIDE,8.639682409999999e-07,26140
Jefferson,16051,TETRACHLOROETHYLENE,6.38115499e-07,26140
Jefferson,16051,TRICHLOROETHYLENE,4.389741464e-06,26140
Jefferson,16051,VINYL CHLORIDE,3.1791242539999994e-06,26140
Jerome,16053,"1,1,2-TRICHLOROETHANE",0.0,22374
Jerome,16053,"1,3-BUTADIENE",0.0,22374
Jerome,16053,"1,3-DICHLOROPROPENE",0.0,22374
Jerome,16053,"1,4-DICHLOROBENZENE",0.0,22374
Jerome,16053,"1,4-DIOXANE",0.0,22374
Jerome,16053,"2,4,6-TRICHLOROPHENOL",0.0,22374
Jerome,16053,"2,4-DINITROTOLUENE",0.0,22374
Jerome,16053,"2,4-TOLUENE DIISOCYANATE",0.0,22374
Jerome,16053,2-NITROPROPANE,0.0,22374
Jerome,16053,ACETALDEHYDE,0.0,22374
Jerome,16053,ACETAMIDE,0.0,22374
Jerome,16053,ACRYLONITRILE,0.0,22374
Jerome,16053,ALLYL CHLORIDE,0.0,22374
Jerome,16053,ARSENIC COMPOUNDS(INORGANIC INCLUDING ARSINE),0.0023235703932270005,22374
Jerome,16053,BENZENE,5.678381410000001e-07,22374
Jerome,16053,BENZYL CHLORIDE,0.0,22374
Jerome,16053,BERYLLIUM COMPOUNDS,0.0,22374
Jerome,16053,BIS(2-ETHYLHEXYL)PHTHALATE (DEHP),0.0,22374
Jerome,16053,BROMOFORM,0.0,22374
Jerome,16053,CADMIUM COMPOUNDS,0.00040088168651199993,22374
Jerome,16053,CARBON TETRACHLORIDE,0.0,22374
Jerome,16053,CHLOROPRENE,0.0,22374
Jerome,16053,CHROMIUM VI (HEXAVALENT),3.0035743176999998e-05,22374
Jerome,16053,EPICHLOROHYDRIN,0.0,22374
Jerome,16053,ETHYLBENZENE,0.0,22374
Jerome,16053,ETHYLENE DIBROMIDE (DIBROMOETHANE),0.0,22374
Jerome,16053,"ETHYLENE DICHLORIDE (1,2-DICHLOROETHANE)",0.0,22374
Jerome,16053,ETHYLENE OXIDE,0.0,22374
Jerome,16053,"ETHYLIDENE DICHLORIDE (1,1-DICHLOROETHANE)",0.0,22374
Jerome,16053,FORMALDEHYDE,9.248405978e-06,22374
Jerome,16053,HEXACHLOROBENZENE,0.0,22374
Jerome,16053,HEXACHLOROBUTADIENE,0.0,22374
Jerome,16053,METHYL TERT-BUTYL ETHER,0.0,22374
Jerome,16053,METHYLENE CHLORIDE,0.0,22374
Jerome,16053,NAPHTHALENE,2.9764789799999997e-07,22374
Jerome,16053,NICKEL COMPOUNDS,0.0006979792709389998,22374
Jerome,16053,NITROBENZENE,0.0,22374
Jerome,16053,O-TOLUIDINE,0.0,22374
Jerome,16053,PAHPOM,6.028603e-09,22374
Jerome,16053,PENTACHLOROPHENOL,0.0,22374
Jerome,16053,POLYCHLORINATED BIPHENYLS (AROCLORS),0.0,22374
Jerome,16053,PROPYLENE OXIDE,0.0,22374
Jerome,16053,TETRACHLOROETHYLENE,0.0,22374
Jerome,16053,TRICHLOROETHYLENE,0.0,22374
Jerome,16053,VINYL CHLORIDE,0.0,22374
Kootenai,16055,"1,1,2-TRICHLOROETHANE",8.5376116e-08,138494
Kootenai,16055,"1,3-BUTADIENE",3.05099479e-07,138494
Kootenai,16055,"1,3-DICHLOROPROPENE",0.0,138494
Kootenai,16055,"1,4-DICHLOROBENZENE",1.2945485969000002e-05,138494
Kootenai,16055,"1,4-DIOXANE",0.0,138494
Kootenai,16055,"2,4,6-TRICHLOROPHENOL",0.0,138494
Kootenai,16055,"2,4-DINITROTOLUENE",0.0,138494
Kootenai,16055,"2,4-TOLUENE DIISOCYANATE",0.0,138494
Kootenai,16055,2-NITROPROPANE,0.0,138494
Kootenai,16055,ACETALDEHYDE,0.010016483054565,138494
Kootenai,16055,ACETAMIDE,0.0,138494
Kootenai,16055,ACRYLONITRILE,0.001028189404368,138494
Kootenai,16055,ALLYL CHLORIDE,0.0,138494
Kootenai,16055,ARSENIC COMPOUNDS(INORGANIC INCLUDING ARSINE),0.000574273231852,138494
Kootenai,16055,BENZENE,0.004940096938093,138494
Kootenai,16055,BENZYL CHLORIDE,0.0,138494
Kootenai,16055,BERYLLIUM COMPOUNDS,9.887169295e-06,138494
Kootenai,16055,BIS(2-ETHYLHEXYL)PHTHALATE (DEHP),9.930842869e-06,138494
Kootenai,16055,BROMOFORM,0.0,138494
Kootenai,16055,CADMIUM COMPOUNDS,0.000156488751647,138494
Kootenai,16055,CARBON TETRACHLORIDE,7.6433657908e-05,138494
Kootenai,16055,CHLOROPRENE,0.0,138494
Kootenai,16055,CHROMIUM VI (HEXAVALENT),0.026029310346400002,138494
Kootenai,16055,EPICHLOROHYDRIN,0.0,138494
Kootenai,16055,ETHYLBENZENE,5.652840625100001e-05,138494
Kootenai,16055,ETHYLENE DIBROMIDE (DIBROMOETHANE),4.9712295489999994e-06,138494
Kootenai,16055,"ETHYLENE DICHLORIDE (1,2-DICHLOROETHANE)",0.00021677648279099998,138494
Kootenai,16055,ETHYLENE OXIDE,0.0,138494
Kootenai,16055,"ETHYLIDENE DICHLORIDE (1,1-DICHLOROETHANE)",3.0389754374000004e-05,138494
Kootenai,16055,FORMALDEHYDE,0.027932135300722,138494
Kootenai,16055,HEXACHLOROBENZENE,0.0,138494
Kootenai,16055,HEXACHLOROBUTADIENE,0.0,138494
Kootenai,16055,METHYL TERT-BUTYL ETHER,0.0,138494
Kootenai,16055,METHYLENE CHLORIDE,2.9622948274000002e-05,138494
Kootenai,16055,NAPHTHALENE,0.00039996522193800005,138494
Kootenai,16055,NICKEL COMPOUNDS,0.001459899425691,138494
Kootenai,16055,NITROBENZENE,0.0,138494
Kootenai,16055,O-TOLUIDINE,0.0,138494
Kootenai,16055,PAHPOM,4.663852963e-06,138494
Kootenai,16055,PENTACHLOROPHENOL,6.8603439e-08,138494
Kootenai,16055,POLYCHLORINATED BIPHENYLS (AROCLORS),0.0,138494
Kootenai,16055,PROPYLENE OXIDE,0.0,138494
Kootenai,16055,TETRACHLOROETHYLENE,1.3602386245999998e-05,138494
Kootenai,16055,TRICHLOROETHYLENE,0.000167675464741,138494
Kootenai,16055,VINYL CHLORIDE,0.00021194262223500003,138494
Latah,16057,"1,1,2-TRICHLOROETHANE",0.0,37244
Latah,16057,"1,3-BUTADIENE",0.0,37244
Latah,16057,"1,3-DICHLOROPROPENE",0.0,37244
Latah,16057,"1,4-DICHLOROBENZENE",3.0626690000000002e-09,37244
Latah,16057,"1,4-DIOXANE",0.0,37244
Latah,16057,"2,4,6-TRICHLOROPHENOL",0.0,37244
Latah,16057,"2,4-DINITROTOLUENE",0.0,37244
Latah,16057,"2,4-TOLUENE DIISOCYANATE",0.0,37244
Latah,16057,2-NITROPROPANE,0.0,37244
Latah,16057,ACETALDEHYDE,0.00037559060137300004,37244
Latah,16057,ACETAMIDE,0.0,37244
Latah,16057,ACRYLONITRILE,1.76872772e-07,37244
Latah,16057,ALLYL CHLORIDE,0.0,37244
Latah,16057,ARSENIC COMPOUNDS(INORGANIC INCLUDING ARSINE),0.002922657828811,37244
Latah,16057,BENZENE,0.016334068808247,37244
Latah,16057,BENZYL CHLORIDE,0.0,37244
Latah,16057,BERYLLIUM COMPOUNDS,5.6908422831999995e-05,37244
Latah,16057,BIS(2-ETHYLHEXYL)PHTHALATE (DEHP),3.0426931e-08,37244
Latah,16057,BROMOFORM,0.0,37244
Latah,16057,CADMIUM COMPOUNDS,0.000507827314065,37244
Latah,16057,CARBON TETRACHLORIDE,0.00011447315838299999,37244
Latah,16057,CHLOROPRENE,0.0,37244
Latah,16057,CHROMIUM VI (HEXAVALENT),0.0013744177635029997,37244
Latah,16057,EPICHLOROHYDRIN,0.0,37244
Latah,16057,ETHYLBENZENE,1.4407808332e-05,37244
Latah,16057,ETHYLENE DIBROMIDE (DIBROMOETHANE),1.203456e-09,37244
Latah,16057,"ETHYLENE DICHLORIDE (1,2-DICHLOROETHANE)",0.00025575976980700003,37244
Latah,16057,ETHYLENE OXIDE,0.0,37244
Latah,16057,"ETHYLIDENE DICHLORIDE (1,1-DICHLOROETHANE)",2.410569e-09,37244
Latah,16057,FORMALDEHYDE,0.011025983300158002,37244
Latah,16057,HEXACHLOROBENZENE,0.0,37244
Latah,16057,HEXACHLOROBUTADIENE,0.0,37244
Latah,16057,METHYL TERT-BUTYL ETHER,0.0,37244
Latah,16057,METHYLENE CHLORIDE,4.6592686525e-05,37244
Latah,16057,NAPHTHALENE,0.0032828927354290006,37244
Latah,16057,NICKEL COMPOUNDS,0.000885712226408,37244
Latah,16057,NITROBENZENE,0.0,37244
Latah,16057,O-TOLUIDINE,0.0,37244
Latah,16057,PAHPOM,1.2349130132999999e-05,37244
Latah,16057,PENTACHLOROPHENOL,7.1882381e-08,37244
Latah,16057,POLYCHLORINATED BIPHENYLS (AROCLORS),0.0,37244
Latah,16057,PROPYLENE OXIDE,0.0,37244
Latah,16057,TETRACHLOROETHYLENE,8.517119595e-06,37244
Latah,16057,TRICHLOROETHYLENE,3.8826428948e-05,37244
Latah,16057,VINYL CHLORIDE,4.7743889772e-05,37244
Lemhi,16059,"1,1,2-TRICHLOROETHANE",0.0,7936
Lemhi,16059,"1,3-BUTADIENE",0.0,7936
Lemhi,16059,"1,3-DICHLOROPROPENE",0.0,7936
Lemhi,16059,"1,4-DICHLOROBENZENE",0.0,7936
Lemhi,16059,"1,4-DIOXANE",0.0,7936
Lemhi,16059,"2,4,6-TRICHLOROPHENOL",0.0,7936
Lemhi,16059,"2,4-DINITROTOLUENE",0.0,7936
Lemhi,16059,"2,4-TOLUENE DIISOCYANATE",0.0,7936
Lemhi,16059,2-NITROPROPANE,0.0,7936
Lemhi,16059,ACETALDEHYDE,0.0,7936
Lemhi,16059,ACETAMIDE,0.0,7936
Lemhi,16059,ACRYLONITRILE,0.0,7936
Lemhi,16059,ALLYL CHLORIDE,0.0,7936
Lemhi,16059,ARSENIC COMPOUNDS(INORGANIC INCLUDING ARSINE),0.0,7936
Lemhi,16059,BENZENE,0.0,7936
Lemhi,16059,BENZYL CHLORIDE,0.0,7936
Lemhi,16059,BERYLLIUM COMPOUNDS,0.0,7936
Lemhi,16059,BIS(2-ETHYLHEXYL)PHTHALATE (DEHP),0.0,7936
Lemhi,16059,BROMOFORM,0.0,7936
Lemhi,16059,CADMIUM COMPOUNDS,0.0,7936
Lemhi,16059,CARBON TETRACHLORIDE,0.0,7936
Lemhi,16059,CHLOROPRENE,0.0,7936
Lemhi,16059,CHROMIUM VI (HEXAVALENT),0.0,7936
Lemhi,16059,EPICHLOROHYDRIN,0.0,7936
Lemhi,16059,ETHYLBENZENE,0.0,7936
Lemhi,16059,ETHYLENE DIBROMIDE (DIBROMOETHANE),0.0,7936
Lemhi,16059,"ETHYLENE DICHLORIDE (1,2-DICHLOROETHANE)",0.0,7936
Lemhi,16059,ETHYLENE OXIDE,0.0,7936
Lemhi,16059,"ETHYLIDENE DICHLORIDE (1,1-DICHLOROETHANE)",0.0,7936
Lemhi,16059,FORMALDEHYDE,0.0,7936
Lemhi,16059,HEXACHLOROBENZENE,0.0,7936
Lemhi,16059,HEXACHLOROBUTADIENE,0.0,7936
Lemhi,16059,METHYL TERT-BUTYL ETHER,0.0,7936
Lemhi,16059,METHYLENE CHLORIDE,0.0,7936
Lemhi,16059,NAPHTHALENE,0.0,7936
Lemhi,16059,NICKEL COMPOUNDS,0.0,7936
Lemhi,16059,NITROBENZENE,0.0,7936
Lemhi,16059,O-TOLUIDINE,0.0,7936
Lemhi,16059,PAHPOM,0.0,7936
Lemhi,16059,PENTACHLOROPHENOL,0.0,7936
Lemhi,16059,POLYCHLORINATED BIPHENYLS (AROCLORS),0.0,7936
Lemhi,16059,PROPYLENE OXIDE,0.0,7936
Lemhi,16059,TETRACHLOROETHYLENE,0.0,7936
Lemhi,16059,TRICHLOROETHYLENE,0.0,7936
Lemhi,16059,VINYL CHLORIDE,0.0,7936
Lewis,16061,"1,1,2-TRICHLOROETHANE",0.0,3820
Lewis,16061,"1,3-BUTADIENE",0.0,3820
Lewis,16061,"1,3-DICHLOROPROPENE",0.0,3820
Lewis,16061,"1,4-DICHLOROBENZENE",0.0,3820
Lewis,16061,"1,4-DIOXANE",0.0,3820
Lewis,16061,"2,4,6-TRICHLOROPHENOL",0.0,3820
Lewis,16061,"2,4-DINITROTOLUENE",0.0,3820
Lewis,16061,"2,4-TOLUENE DIISOCYANATE",0.0,3820
Lewis,16061,2-NITROPROPANE,0.0,3820
Lewis,16061,ACETALDEHYDE,0.019492693846503,3820
Lewis,16061,ACETAMIDE,0.0,3820
Lewis,16061,ACRYLONITRILE,0.0,3820
Lewis,16061,ALLYL CHLORIDE,0.0,3820
Lewis,16061,ARSENIC COMPOUNDS(INORGANIC INCLUDING ARSINE),0.00121962126222,3820
Lewis,16061,BENZENE,0.018435295531641003,3820
Lewis,16061,BENZYL CHLORIDE,0.0,3820
Lewis,16061,BERYLLIUM COMPOUNDS,1.8514563541999997e-05,3820
Lewis,16061,BIS(2-ETHYLHEXYL)PHTHALATE (DEHP),1.8761919999999997e-08,3820
Lewis,16061,BROMOFORM,0.0,3820
Lewis,16061,CADMIUM COMPOUNDS,9.704926639200001e-05,3820
Lewis,16061,CARBON TETRACHLORIDE,7.446481001899999e-05,3820
Lewis,16061,CHLOROPRENE,0.0,3820
Lewis,16061,CHROMIUM VI (HEXAVALENT),0.000866591081943,3820
Lewis,16061,EPICHLOROHYDRIN,0.0,3820
Lewis,16061,ETHYLBENZENE,7.482264746000001e-06,3820
Lewis,16061,ETHYLENE DIBROMIDE (DIBROMOETHANE),0.0,3820
Lewis,16061,"ETHYLENE DICHLORIDE (1,2-DICHLOROETHANE)",0.000150015558372,3820
Lewis,16061,ETHYLENE OXIDE,0.0,3820
Lewis,16061,"ETHYLIDENE DICHLORIDE (1,1-DICHLOROETHANE)",0.0,3820
Lewis,16061,FORMALDEHYDE,0.023251436651526,3820
Lewis,16061,HEXACHLOROBENZENE,0.0,3820
Lewis,16061,HEXACHLOROBUTADIENE,0.0,3820
Lewis,16061,METHYL TERT-BUTYL ETHER,0.0,3820
Lewis,16061,METHYLENE CHLORIDE,4.2976560033e-05,3820
Lewis,16061,NAPHTHALENE,0.0011417947762580002,3820
Lewis,16061,NICKEL COMPOUNDS,0.00042177809754599996,3820
Lewis,16061,NITROBENZENE,0.0,3820
Lewis,16061,O-TOLUIDINE,0.0,3820
Lewis,16061,PAHPOM,9.265366618e-06,3820
Lewis,16061,PENTACHLOROPHENOL,4.4322558000000004e-08,3820
Lewis,16061,POLYCHLORINATED BIPHENYLS (AROCLORS),0.0,3820
Lewis,16061,PROPYLENE OXIDE,0.0,3820
Lewis,16061,TETRACHLOROETHYLENE,5.571273205e-06,3820
Lewis,16061,TRICHLOROETHYLENE,1.9223790165e-05,3820
Lewis,16061,VINYL CHLORIDE,2.0963361298e-05,3820
Lincoln,16063,"1,1,2-TRICHLOROETHANE",0.0,5208
Lincoln,16063,"1,3-BUTADIENE",0.0,5208
Lincoln,16063,"1,3-DICHLOROPROPENE",0.0,5208
Lincoln,16063,"1,4-DICHLOROBENZENE",0.0,5208
Lincoln,16063,"1,4-DIOXANE",0.0,5208
Lincoln,16063,"2,4,6-TRICHLOROPHENOL",0.0,5208
Lincoln,16063,"2,4-DINITROTOLUENE",0.0,5208
Lincoln,16063,"2,4-TOLUENE DIISOCYANATE",0.0,5208
Lincoln,16063,2-NITROPROPANE,0.0,5208
Lincoln,16063,ACETALDEHYDE,0.0,5208
Lincoln,16063,ACETAMIDE,0.0,5208
Lincoln,16063,ACRYLONITRILE,0.0,5208
Lincoln,16063,ALLYL CHLORIDE,0.0,5208
Lincoln,16063,ARSENIC COMPOUNDS(INORGANIC INCLUDING ARSINE),0.002072985753,5208
Lincoln,16063,BENZENE,4.96237334e-07,5208
Lincoln,16063,BENZYL CHLORIDE,0.0,5208
Lincoln,16063,BERYLLIUM COMPOUNDS,0.0,5208
Lincoln,16063,BIS(2-ETHYLHEXYL)PHTHALATE (DEHP),0.0,5208
Lincoln,16063,BROMOFORM,0.0,5208
Lincoln,16063,CADMIUM COMPOUNDS,0.0003163915998,5208
Lincoln,16063,CARBON TETRACHLORIDE,0.0,5208
Lincoln,16063,CHLOROPRENE,0.0,5208
Lincoln,16063,CHROMIUM VI (HEXAVALENT),2.3239920000000002e-05,5208
Lincoln,16063,EPICHLOROHYDRIN,0.0,5208
Lincoln,16063,ETHYLBENZENE,0.0,5208
Lincoln,16063,ETHYLENE DIBROMIDE (DIBROMOETHANE),0.0,5208
Lincoln,16063,"ETHYLENE DICHLORIDE (1,2-DICHLOROETHANE)",0.0,5208
Lincoln,16063,ETHYLENE OXIDE,0.0,5208
Lincoln,16063,"ETHYLIDENE DICHLORIDE (1,1-DICHLOROETHANE)",0.0,5208
Lincoln,16063,FORMALDEHYDE,3.0969309019999996e-06,5208
Lincoln,16063,HEXACHLOROBENZENE,0.0,5208
Lincoln,16063,HEXACHLOROBUTADIENE,0.0,5208
Lincoln,16063,METHYL TERT-BUTYL ETHER,0.0,5208
Lincoln,16063,METHYLENE CHLORIDE,0.0,5208
Lincoln,16063,NAPHTHALENE,1.26756114e-07,5208
Lincoln,16063,NICKEL COMPOUNDS,0.00045067323455999996,5208
Lincoln,16063,NITROBENZENE,0.0,5208
Lincoln,16063,O-TOLUIDINE,0.0,5208
Lincoln,16063,PAHPOM,3.936384e-09,5208
Lincoln,16063,PENTACHLOROPHENOL,0.0,5208
Lincoln,16063,POLYCHLORINATED BIPHENYLS (AROCLORS),0.0,5208
Lincoln,16063,PROPYLENE OXIDE,0.0,5208
Lincoln,16063,TETRACHLOROETHYLENE,0.0,5208
Lincoln,16063,TRICHLOROETHYLENE,0.0,5208
Lincoln,16063,VINYL CHLORIDE,0.0,5208
Madison,16065,"1,1,2-TRICHLOROETHANE",0.0,37536
Madison,16065,"1,3-BUTADIENE",0.0,37536
Madison,16065,"1,3-DICHLOROPROPENE",0.0,37536
Madison,16065,"1,4-DICHLOROBENZENE",0.0,37536
Madison,16065,"1,4-DIOXANE",0.0,37536
Madison,16065,"2,4,6-TRICHLOROPHENOL",0.0,37536
Madison,16065,"2,4-DINITROTOLUENE",0.0,37536
Madison,16065,"2,4-TOLUENE DIISOCYANATE",0.0,37536
Madison,16065,2-NITROPROPANE,0.0,37536
Madison,16065,ACETALDEHYDE,0.000157050467681,37536
Madison,16065,ACETAMIDE,0.0,37536
Madison,16065,ACRYLONITRILE,0.0,37536
Madison,16065,ALLYL CHLORIDE,0.0,37536
Madison,16065,ARSENIC COMPOUNDS(INORGANIC INCLUDING ARSINE),0.014815012300896999,37536
Madison,16065,BENZENE,0.006773953614789001,37536
Madison,16065,BENZYL CHLORIDE,0.0,37536
Madison,16065,BERYLLIUM COMPOUNDS,6.1772346188e-05,37536
Madison,16065,BIS(2-ETHYLHEXYL)PHTHALATE (DEHP),4.6486628999999996e-08,37536
Madison,16065,BROMOFORM,0.0,37536
Madison,16065,CADMIUM COMPOUNDS,0.002553966112744,37536
Madison,16065,CARBON TETRACHLORIDE,0.000104444689124,37536
Madison,16065,CHLOROPRENE,0.0,37536
Madison,16065,CHROMIUM VI (HEXAVALENT),0.09877844192550699,37536
Madison,16065,EPICHLOROHYDRIN,0.0,37536
Madison,16065,ETHYLBENZENE,9.057210492e-06,37536
Madison,16065,ETHYLENE DIBROMIDE (DIBROMOETHANE),0.0,37536
Madison,16065,"ETHYLENE DICHLORIDE (1,2-DICHLOROETHANE)",0.000137863867123,37536
Madison,16065,ETHYLENE OXIDE,0.0,37536
Madison,16065,"ETHYLIDENE DICHLORIDE (1,1-DICHLOROETHANE)",0.0,37536
Madison,16065,FORMALDEHYDE,0.004732277935193,37536
Madison,16065,HEXACHLOROBENZENE,0.0,37536
Madison,16065,HEXACHLOROBUTADIENE,0.0,37536
Madison,16065,METHYL TERT-BUTYL ETHER,0.0,37536
Madison,16065,METHYLENE CHLORIDE,1.0009494422e-05,37536
Madison,16065,NAPHTHALENE,0.000374394252703,37536
Madison,16065,NICKEL COMPOUNDS,0.0031800620493340004,37536
Madison,16065,NITROBENZENE,0.0,37536
Madison,16065,O-TOLUIDINE,0.0,37536
Madison,16065,PAHPOM,8.627822457e-06,37536
Madison,16065,PENTACHLOROPHENOL,1.09955555e-07,37536
Madison,16065,POLYCHLORINATED BIPHENYLS (AROCLORS),0.0,37536
Madison,16065,PROPYLENE OXIDE,3.775215679999999e-07,37536
Madison,16065,TETRACHLOROETHYLENE,2.3660430950000005e-06,37536
Madison,16065,TRICHLOROETHYLENE,2.1110669993e-05,37536
Madison,16065,VINYL CHLORIDE,2.5390609129e-05,37536
Minidoka,16067,"1,1,2-TRICHLOROETHANE",0.0,20069
Minidoka,16067,"1,3-BUTADIENE",0.0,20069
Minidoka,16067,"1,3-DICHLOROPROPENE",0.0,20069
Minidoka,16067,"1,4-DICHLOROBENZENE",0.0,20069
Minidoka,16067,"1,4-DIOXANE",0.0,20069
Minidoka,16067,"2,4,6-TRICHLOROPHENOL",0.0,20069
Minidoka,16067,"2,4-DINITROTOLUENE",0.0,20069
Minidoka,16067,"2,4-TOLUENE DIISOCYANATE",0.0,20069
Minidoka,16067,2-NITROPROPANE,0.0,20069
Minidoka,16067,ACETALDEHYDE,0.0,20069
Minidoka,16067,ACETAMIDE,0.0,20069
Minidoka,16067,ACRYLONITRILE,0.0,20069
Minidoka,16067,ALLYL CHLORIDE,0.0,20069
Minidoka,16067,ARSENIC COMPOUNDS(INORGANIC INCLUDING ARSINE),0.00044137690987199995,20069
Minidoka,16067,BENZENE,5.029310541e-06,20069
Minidoka,16067,BENZYL CHLORIDE,0.0,20069
Minidoka,16067,BERYLLIUM COMPOUNDS,0.0,20069
Minidoka,16067,BIS(2-ETHYLHEXYL)PHTHALATE (DEHP),0.0,20069
Minidoka,16067,BROMOFORM,0.0,20069
Minidoka,16067,CADMIUM COMPOUNDS,0.0009764189342380001,20069
Minidoka,16067,CARBON TETRACHLORIDE,0.0,20069
Minidoka,16067,CHLOROPRENE,0.0,20069
Minidoka,16067,CHROMIUM VI (HEXAVALENT),0.000316621827535,20069
Minidoka,16067,EPICHLOROHYDRIN,0.0,20069
Minidoka,16067,ETHYLBENZENE,0.0,20069
Minidoka,16067,ETHYLENE DIBROMIDE (DIBROMOETHANE),0.0,20069
Minidoka,16067,"ETHYLENE DICHLORIDE (1,2-DICHLOROETHANE)",0.0,20069
Minidoka,16067,ETHYLENE OXIDE,0.0,20069
Minidoka,16067,"ETHYLIDENE DICHLORIDE (1,1-DICHLOROETHANE)",0.0,20069
Minidoka,16067,FORMALDEHYDE,9.2764373625e-05,20069
Minidoka,16067,HEXACHLOROBENZENE,0.0,20069
Minidoka,16067,HEXACHLOROBUTADIENE,0.0,20069
Minidoka,16067,METHYL TERT-BUTYL ETHER,0.0,20069
Minidoka,16067,METHYLENE CHLORIDE,0.0,20069
Minidoka,16067,NAPHTHALENE,2.86650761e-06,20069
Minidoka,16067,NICKEL COMPOUNDS,0.000423602464239,20069
Minidoka,16067,NITROBENZENE,0.0,20069
Minidoka,16067,O-TOLUIDINE,0.0,20069
Minidoka,16067,PAHPOM,5.2430647000000005e-08,20069
Minidoka,16067,PENTACHLOROPHENOL,0.0,20069
Minidoka,16067,POLYCHLORINATED BIPHENYLS (AROCLORS),0.0,20069
Minidoka,16067,PROPYLENE OXIDE,0.0,20069
Minidoka,16067,TETRACHLOROETHYLENE,0.0,20069
Minidoka,16067,TRICHLOROETHYLENE,0.0,20069
Minidoka,16067,VINYL CHLORIDE,0.0,20069
Nez Perce,16069,"1,1,2-TRICHLOROETHANE",0.0,39265
Nez Perce,16069,"1,3-BUTADIENE",0.0,39265
Nez Perce,16069,"1,3-DICHLOROPROPENE",0.0,39265
Nez Perce,16069,"1,4-DICHLOROBENZENE",0.0,39265
Nez Perce,16069,"1,4-DIOXANE",0.0,39265
Nez Perce,16069,"2,4,6-TRICHLOROPHENOL",0.0,39265
Nez Perce,16069,"2,4-DINITROTOLUENE",0.0,39265
Nez Perce,16069,"2,4-TOLUENE DIISOCYANATE",0.0,39265
Nez Perce,16069,2-NITROPROPANE,0.0,39265
Nez Perce,16069,ACETALDEHYDE,0.063283875623463,39265
Nez Perce,16069,ACETAMIDE,0.0,39265
Nez Perce,16069,ACRYLONITRILE,0.0,39265
Nez Perce,16069,ALLYL CHLORIDE,0.0,39265
Nez Perce,16069,ARSENIC COMPOUNDS(INORGANIC INCLUDING ARSINE),0.00021765695340000002,39265
Nez Perce,16069,BENZENE,0.002614808328336,39265
Nez Perce,16069,BENZYL CHLORIDE,0.0,39265
Nez Perce,16069,BERYLLIUM COMPOUNDS,3.442870224e-06,39265
Nez Perce,16069,BIS(2-ETHYLHEXYL)PHTHALATE (DEHP),6.16391e-09,39265
Nez Perce,16069,BROMOFORM,0.0,39265
Nez Perce,16069,CADMIUM COMPOUNDS,0.0003575773755330001,39265
Nez Perce,16069,CARBON TETRACHLORIDE,3.0769436805000004e-05,39265
Nez Perce,16069,CHLOROPRENE,0.0,39265
Nez Perce,16069,CHROMIUM VI (HEXAVALENT),0.000236695362771,39265
Nez Perce,16069,EPICHLOROHYDRIN,0.0,39265
Nez Perce,16069,ETHYLBENZENE,2.927595588e-06,39265
Nez Perce,16069,ETHYLENE DIBROMIDE (DIBROMOETHANE),0.0,39265
Nez Perce,16069,"ETHYLENE DICHLORIDE (1,2-DICHLOROETHANE)",4.606440235600001e-05,39265
Nez Perce,16069,ETHYLENE OXIDE,0.0,39265
Nez Perce,16069,"ETHYLIDENE DICHLORIDE (1,1-DICHLOROETHANE)",0.0,39265
Nez Perce,16069,FORMALDEHYDE,0.048850331092696,39265
Nez Perce,16069,HEXACHLOROBENZENE,0.0,39265
Nez Perce,16069,HEXACHLOROBUTADIENE,0.0,39265
Nez Perce,16069,METHYL TERT-BUTYL ETHER,0.0,39265
Nez Perce,16069,METHYLENE CHLORIDE,4.429255254e-06,39265
Nez Perce,16069,NAPHTHALENE,0.22912235839408104,39265
Nez Perce,16069,NICKEL COMPOUNDS,0.00835069648264,39265
Nez Perce,16069,NITROBENZENE,0.0,39265
Nez Perce,16069,O-TOLUIDINE,0.0,39265
Nez Perce,16069,PAHPOM,0.00025532614750200004,39265
Nez Perce,16069,PENTACHLOROPHENOL,1.4577913999999999e-08,39265
Nez Perce,16069,POLYCHLORINATED BIPHENYLS (AROCLORS),0.0,39265
Nez Perce,16069,PROPYLENE OXIDE,0.0,39265
Nez Perce,16069,TETRACHLOROETHYLENE,8.28375587e-07,39265
Nez Perce,16069,TRICHLOROETHYLENE,6.7327004099999995e-06,39265
Nez Perce,16069,VINYL CHLORIDE,7.663032953e-06,39265
Oneida,16071,"1,1,2-TRICHLOROETHANE",0.0,4286
Oneida,16071,"1,3-BUTADIENE",0.0,4286
Oneida,16071,"1,3-DICHLOROPROPENE",0.0,4286
Oneida,16071,"1,4-DICHLOROBENZENE",5.13357284e-07,4286
Oneida,16071,"1,4-DIOXANE",0.0,4286
Oneida,16071,"2,4,6-TRICHLOROPHENOL",0.0,4286
Oneida,16071,"2,4-DINITROTOLUENE",0.0,4286
Oneida,16071,"2,4-TOLUENE DIISOCYANATE",0.0,4286
Oneida,16071,2-NITROPROPANE,0.0,4286
Oneida,16071,ACETALDEHYDE,1.42162e-10,4286
Oneida,16071,ACETAMIDE,0.0,4286
Oneida,16071,ACRYLONITRILE,1.6413312252e-05,4286
Oneida,16071,ALLYL CHLORIDE,0.0,4286
Oneida,16071,ARSENIC COMPOUNDS(INORGANIC INCLUDING ARSINE),3.13095341e-05,4286
Oneida,16071,BENZENE,6.546656548e-06,4286
Oneida,16071,BENZYL CHLORIDE,0.0,4286
Oneida,16071,BERYLLIUM COMPOUNDS,0.0,4286
Oneida,16071,BIS(2-ETHYLHEXYL)PHTHALATE (DEHP),0.0,4286
Oneida,16071,BROMOFORM,0.0,4286
Oneida,16071,CADMIUM COMPOUNDS,0.0069180505668,4286
Oneida,16071,CARBON TETRACHLORIDE,7.719222e-09,4286
Oneida,16071,CHLOROPRENE,0.0,4286
Oneida,16071,CHROMIUM VI (HEXAVALENT),0.12586176948,4286
Oneida,16071,EPICHLOROHYDRIN,0.0,4286
Oneida,16071,ETHYLBENZENE,1.48131124e-06,4286
Oneida,16071,ETHYLENE DIBROMIDE (DIBROMOETHANE),1.458444e-07,4286
Oneida,16071,"ETHYLENE DICHLORIDE (1,2-DICHLOROETHANE)",2.118525786e-06,4286
Oneida,16071,ETHYLENE OXIDE,0.0,4286
Oneida,16071,"ETHYLIDENE DICHLORIDE (1,1-DICHLOROETHANE)",7.09633254e-07,4286
Oneida,16071,FORMALDEHYDE,1.0789420590000002e-06,4286
Oneida,16071,HEXACHLOROBENZENE,0.0,4286
Oneida,16071,HEXACHLOROBUTADIENE,0.0,4286
Oneida,16071,METHYL TERT-BUTYL ETHER,0.0,4286
Oneida,16071,METHYLENE CHLORIDE,2.673793099e-06,4286
Oneida,16071,NAPHTHALENE,2.7631494e-08,4286
Oneida,16071,NICKEL COMPOUNDS,0.04494003809088,4286
Oneida,16071,NITROBENZENE,0.0,4286
Oneida,16071,O-TOLUIDINE,0.0,4286
Oneida,16071,PAHPOM,1.038729725e-06,4286
Oneida,16071,PENTACHLOROPHENOL,0.0,4286
Oneida,16071,POLYCHLORINATED BIPHENYLS (AROCLORS),7.747381999999999e-07,4286
Oneida,16071,PROPYLENE OXIDE,0.0,4286
Oneida,16071,TETRACHLOROETHYLENE,1.322121453e-06,4286
Oneida,16071,TRICHLOROETHYLENE,3.1342863119999997e-06,4286
Oneida,16071,VINYL CHLORIDE,2.5569940970000003e-06,4286
Owyhee,16073,"1,1,2-TRICHLOROETHANE",4.79398785e-07,11526
Owyhee,16073,"1,3-BUTADIENE",4.0859987e-06,11526
Owyhee,16073,"1,3-DICHLOROPROPENE",3.8708732000000007e-08,11526
Owyhee,16073,"1,4-DICHLOROBENZENE",4.1185934955e-05,11526
Owyhee,16073,"1,4-DIOXANE",0.0,11526
Owyhee,16073,"2,4,6-TRICHLOROPHENOL",0.0,11526
Owyhee,16073,"2,4-DINITROTOLUENE",0.0,11526
Owyhee,16073,"2,4-TOLUENE DIISOCYANATE",0.0,11526
Owyhee,16073,2-NITROPROPANE,0.0,11526
Owyhee,16073,ACETALDEHYDE,3.815903691e-06,11526
Owyhee,16073,ACETAMIDE,0.0,11526
Owyhee,16073,ACRYLONITRILE,0.00253862011631,11526
Owyhee,16073,ALLYL CHLORIDE,0.0,11526
Owyhee,16073,ARSENIC COMPOUNDS(INORGANIC INCLUDING ARSINE),0.002569809879712,11526
Owyhee,16073,BENZENE,0.00047607209415800005,11526
Owyhee,16073,BENZYL CHLORIDE,0.0,11526
Owyhee,16073,BERYLLIUM COMPOUNDS,0.000294006140298,11526
Owyhee,16073,BIS(2-ETHYLHEXYL)PHTHALATE (DEHP),0.0,11526
Owyhee,16073,BROMOFORM,0.0,11526
Owyhee,16073,CADMIUM COMPOUNDS,0.0008459884589209999,11526
Owyhee,16073,CARBON TETRACHLORIDE,7.05597769e-07,11526
Owyhee,16073,CHLOROPRENE,0.0,11526
Owyhee,16073,CHROMIUM VI (HEXAVALENT),0.005484446935210999,11526
Owyhee,16073,EPICHLOROHYDRIN,0.0,11526
Owyhee,16073,ETHYLBENZENE,0.000146140559154,11526
Owyhee,16073,ETHYLENE DIBROMIDE (DIBROMOETHANE),1.7743254017000003e-05,11526
Owyhee,16073,"ETHYLENE DICHLORIDE (1,2-DICHLOROETHANE)",0.00016481150986,11526
Owyhee,16073,ETHYLENE OXIDE,0.000114962106736,11526
Owyhee,16073,"ETHYLIDENE DICHLORIDE (1,1-DICHLOROETHANE)",9.713883100799998e-05,11526
Owyhee,16073,FORMALDEHYDE,0.000238798610363,11526
Owyhee,16073,HEXACHLOROBENZENE,0.0,11526
Owyhee,16073,HEXACHLOROBUTADIENE,0.0,11526
Owyhee,16073,METHYL TERT-BUTYL ETHER,5.9801756e-08,11526
Owyhee,16073,METHYLENE CHLORIDE,9.600657753e-05,11526
Owyhee,16073,NAPHTHALENE,1.1429072200999999e-05,11526
Owyhee,16073,NICKEL COMPOUNDS,0.001043960912806,11526
Owyhee,16073,NITROBENZENE,0.0,11526
Owyhee,16073,O-TOLUIDINE,0.0,11526
Owyhee,16073,PAHPOM,3.6567191200000004e-06,11526
Owyhee,16073,PENTACHLOROPHENOL,0.0,11526
Owyhee,16073,POLYCHLORINATED BIPHENYLS (AROCLORS),4.1753127723999994e-05,11526
Owyhee,16073,PROPYLENE OXIDE,0.0,11526
Owyhee,16073,TETRACHLOROETHYLENE,6.7946944678e-05,11526
Owyhee,16073,TRICHLOROETHYLENE,0.000275974301471,11526
Owyhee,16073,VINYL CHLORIDE,0.00043025649567200004,11526
Payette,16075,"1,1,2-TRICHLOROETHANE",2.829685845e-06,22623
Payette,16075,"1,3-BUTADIENE",2.8498872741e-05,22623
Payette,16075,"1,3-DICHLOROPROPENE",3.21766029e-07,22623
Payette,16075,"1,4-DICHLOROBENZENE",2.1228274539999997e-06,22623
Payette,16075,"1,4-DIOXANE",0.0,22623
Payette,16075,"2,4,6-TRICHLOROPHENOL",0.0,22623
Payette,16075,"2,4-DINITROTOLUENE",0.0,22623
Payette,16075,"2,4-TOLUENE DIISOCYANATE",0.0,22623
Payette,16075,2-NITROPROPANE,0.0,22623
Payette,16075,ACETALDEHYDE,2.7606074854000002e-05,22623
Payette,16075,ACETAMIDE,0.0,22623
Payette,16075,ACRYLONITRILE,0.000131516957612,22623
Payette,16075,ALLYL CHLORIDE,0.0,22623
Payette,16075,ARSENIC COMPOUNDS(INORGANIC INCLUDING ARSINE),0.001157194858621,22623
Payette,16075,BENZENE,8.3235666886e-05,22623
Payette,16075,BENZYL CHLORIDE,0.0,22623
Payette,16075,BERYLLIUM COMPOUNDS,5.35334176e-07,22623
Payette,16075,BIS(2-ETHYLHEXYL)PHTHALATE (DEHP),0.0,22623
Payette,16075,BROMOFORM,0.0,22623
Payette,16075,CADMIUM COMPOUNDS,0.00014193050187500002,22623
Payette,16075,CARBON TETRACHLORIDE,2.4988672000000004e-08,22623
Payette,16075,CHLOROPRENE,0.0,22623
Payette,16075,CHROMIUM VI (HEXAVALENT),4.3032417694e-05,22623
Payette,16075,EPICHLOROHYDRIN,0.0,22623
Payette,16075,ETHYLBENZENE,0.000309686738139,22623
Payette,16075,ETHYLENE DIBROMIDE (DIBROMOETHANE),7.0652632e-07,22623
Payette,16075,"ETHYLENE DICHLORIDE (1,2-DICHLOROETHANE)",9.25336293e-06,22623
Payette,16075,ETHYLENE OXIDE,0.0,22623
Payette,16075,"ETHYLIDENE DICHLORIDE (1,1-DICHLOROETHANE)",3.5553977880000003e-06,22623
Payette,16075,FORMALDEHYDE,0.001773299198119,22623
Payette,16075,HEXACHLOROBENZENE,0.0,22623
Payette,16075,HEXACHLOROBUTADIENE,0.0,22623
Payette,16075,METHYL TERT-BUTYL ETHER,0.0,22623
Payette,16075,METHYLENE CHLORIDE,2.710164844e-06,22623
Payette,16075,NAPHTHALENE,1.3520103629e-05,22623
Payette,16075,NICKEL COMPOUNDS,0.000323193261866,22623
Payette,16075,NITROBENZENE,0.0,22623
Payette,16075,O-TOLUIDINE,0.0,22623
Payette,16075,PAHPOM,5.99372438e-07,22623
Payette,16075,PENTACHLOROPHENOL,0.0,22623
Payette,16075,POLYCHLORINATED BIPHENYLS (AROCLORS),0.0,22623
Payette,16075,PROPYLENE OXIDE,0.0,22623
Payette,16075,TETRACHLOROETHYLENE,2.4505051859999996e-06,22623
Payette,16075,TRICHLOROETHYLENE,1.2945915317999999e-05,22623
Payette,16075,VINYL CHLORIDE,2.2923298075999996e-05,22623
Power,16077,"1,1,2-TRICHLOROETHANE",0.0,7817
Power,16077,"1,3-BUTADIENE",0.0,7817
Power,16077,"1,3-DICHLOROPROPENE",0.0,7817
Power,16077,"1,4-DICHLOROBENZENE",4.807607166e-06,7817
Power,16077,"1,4-DIOXANE",0.0,7817
Power,16077,"2,4,6-TRICHLOROPHENOL",0.0,7817
Power,16077,"2,4-DINITROTOLUENE",0.0,7817
Power,16077,"2,4-TOLUENE DIISOCYANATE",0.0,7817
Power,16077,2-NITROPROPANE,0.0,7817
Power,16077,ACETALDEHYDE,0.0,7817
Power,16077,ACETAMIDE,0.0,7817
Power,16077,ACRYLONITRILE,0.00024836462365,7817
Power,16077,ALLYL CHLORIDE,0.0,7817
Power,16077,ARSENIC COMPOUNDS(INORGANIC INCLUDING ARSINE),0.000283110200742,7817
Power,16077,BENZENE,3.4582292376e-05,7817
Power,16077,BENZYL CHLORIDE,0.0,7817
Power,16077,BERYLLIUM COMPOUNDS,0.0,7817
Power,16077,BIS(2-ETHYLHEXYL)PHTHALATE (DEHP),0.0,7817
Power,16077,BROMOFORM,0.0,7817
Power,16077,CADMIUM COMPOUNDS,0.0014983245269289999,7817
Power,16077,CARBON TETRACHLORIDE,6.970770299999999e-08,7817
Power,16077,CHLOROPRENE,0.0,7817
Power,16077,CHROMIUM VI (HEXAVALENT),0.0012613749015520002,7817
Power,16077,EPICHLOROHYDRIN,0.0,7817
Power,16077,ETHYLBENZENE,9.904796358e-06,7817
Power,16077,ETHYLENE DIBROMIDE (DIBROMOETHANE),1.6087476369999998e-06,7817
Power,16077,"ETHYLENE DICHLORIDE (1,2-DICHLOROETHANE)",2.0394482605e-05,7817
Power,16077,ETHYLENE OXIDE,0.0,7817
Power,16077,"ETHYLIDENE DICHLORIDE (1,1-DICHLOROETHANE)",5.391188433e-06,7817
Power,16077,FORMALDEHYDE,0.015719333329742,7817
Power,16077,HEXACHLOROBENZENE,0.0,7817
Power,16077,HEXACHLOROBUTADIENE,0.0,7817
Power,16077,METHYL TERT-BUTYL ETHER,0.0,7817
Power,16077,METHYLENE CHLORIDE,1.8543341806e-05,7817
Power,16077,NAPHTHALENE,5.05218521e-07,7817
Power,16077,NICKEL COMPOUNDS,0.00041082595227199994,7817
Power,16077,NITROBENZENE,0.0,7817
Power,16077,O-TOLUIDINE,0.0,7817
Power,16077,PAHPOM,5.31819664e-07,7817
Power,16077,PENTACHLOROPHENOL,0.0,7817
Power,16077,POLYCHLORINATED BIPHENYLS (AROCLORS),0.0,7817
Power,16077,PROPYLENE OXIDE,0.0,7817
Power,16077,TETRACHLOROETHYLENE,9.342800391e-06,7817
Power,16077,TRICHLOROETHYLENE,3.3074051522e-05,7817
Power,16077,VINYL CHLORIDE,4.0396464178e-05,7817
Shoshone,16079,"1,1,2-TRICHLOROETHANE",0.0,12765
Shoshone,16079,"1,3-BUTADIENE",0.0,12765
Shoshone,16079,"1,3-DICHLOROPROPENE",0.0,12765
Shoshone,16079,"1,4-DICHLOROBENZENE",1.27403183e-07,12765
Shoshone,16079,"1,4-DIOXANE",0.0,12765
Shoshone,16079,"2,4,6-TRICHLOROPHENOL",0.0,12765
Shoshone,16079,"2,4-DINITROTOLUENE",0.0,12765
Shoshone,16079,"2,4-TOLUENE DIISOCYANATE",0.0,12765
Shoshone,16079,2-NITROPROPANE,0.0,12765
Shoshone,16079,ACETALDEHYDE,0.00035387438166400005,12765
Shoshone,16079,ACETAMIDE,0.0,12765
Shoshone,16079,ACRYLONITRILE,9.155498486999999e-06,12765
Shoshone,16079,ALLYL CHLORIDE,0.0,12765
Shoshone,16079,ARSENIC COMPOUNDS(INORGANIC INCLUDING ARSINE),0.013525916870976998,12765
Shoshone,16079,BENZENE,0.002017882466704,12765
Shoshone,16079,BENZYL CHLORIDE,0.0,12765
Shoshone,16079,BERYLLIUM COMPOUNDS,7.07015693e-07,12765
Shoshone,16079,BIS(2-ETHYLHEXYL)PHTHALATE (DEHP),1.901193e-09,12765
Shoshone,16079,BROMOFORM,0.0,12765
Shoshone,16079,CADMIUM COMPOUNDS,3.970447681000001e-06,12765
Shoshone,16079,CARBON TETRACHLORIDE,1.5295425733e-05,12765
Shoshone,16079,CHLOROPRENE,0.0,12765
Shoshone,16079,CHROMIUM VI (HEXAVALENT),4.1401276008e-05,12765
Shoshone,16079,EPICHLOROHYDRIN,0.0,12765
Shoshone,16079,ETHYLBENZENE,1.6022292959999998e-06,12765
Shoshone,16079,ETHYLENE DIBROMIDE (DIBROMOETHANE),4.790342e-08,12765
Shoshone,16079,"ETHYLENE DICHLORIDE (1,2-DICHLOROETHANE)",2.7641258628e-05,12765
Shoshone,16079,ETHYLENE OXIDE,0.0,12765
Shoshone,16079,"ETHYLIDENE DICHLORIDE (1,1-DICHLOROETHANE)",1.8676313399999997e-07,12765
Shoshone,16079,FORMALDEHYDE,0.000952364604598,12765
Shoshone,16079,HEXACHLOROBENZENE,0.0,12765
Shoshone,16079,HEXACHLOROBUTADIENE,0.0,12765
Shoshone,16079,METHYL TERT-BUTYL ETHER,0.0,12765
Shoshone,16079,METHYLENE CHLORIDE,9.378684874e-06,12765
Shoshone,16079,NAPHTHALENE,4.8209968590000007e-05,12765
Shoshone,16079,NICKEL COMPOUNDS,1.9457907217e-05,12765
Shoshone,16079,NITROBENZENE,0.0,12765
Shoshone,16079,O-TOLUIDINE,0.0,12765
Shoshone,16079,PAHPOM,1.40666486e-07,12765
Shoshone,16079,PENTACHLOROPHENOL,4.486867999999999e-09,12765
Shoshone,16079,POLYCHLORINATED BIPHENYLS (AROCLORS),0.0,12765
Shoshone,16079,PROPYLENE OXIDE,0.0,12765
Shoshone,16079,TETRACHLOROETHYLENE,1.198787955e-06,12765
Shoshone,16079,TRICHLOROETHYLENE,5.0031090410000005e-06,12765
Shoshone,16079,VINYL CHLORIDE,4.665876272e-06,12765
Teton,16081,"1,1,2-TRICHLOROETHANE",0.0,10170
Teton,16081,"1,3-BUTADIENE",0.0,10170
Teton,16081,"1,3-DICHLOROPROPENE",0.0,10170
Teton,16081,"1,4-DICHLOROBENZENE",0.0,10170
Teton,16081,"1,4-DIOXANE",0.0,10170
Teton,16081,"2,4,6-TRICHLOROPHENOL",0.0,10170
Teton,16081,"2,4-DINITROTOLUENE",0.0,10170
Teton,16081,"2,4-TOLUENE DIISOCYANATE",0.0,10170
Teton,16081,2-NITROPROPANE,0.0,10170
Teton,16081,ACETALDEHYDE,1.74886048e-07,10170
Teton,16081,ACETAMIDE,0.0,10170
Teton,16081,ACRYLONITRILE,0.0,10170
Teton,16081,ALLYL CHLORIDE,0.0,10170
Teton,16081,ARSENIC COMPOUNDS(INORGANIC INCLUDING ARSINE),0.0001096144003,10170
Teton,16081,BENZENE,0.000253393159391,10170
Teton,16081,BENZYL CHLORIDE,0.0,10170
Teton,16081,BERYLLIUM COMPOUNDS,1.815504e-07,10170
Teton,16081,BIS(2-ETHYLHEXYL)PHTHALATE (DEHP),5.4173e-11,10170
Teton,16081,BROMOFORM,0.0,10170
Teton,16081,CADMIUM COMPOUNDS,4.0301208e-05,10170
Teton,16081,CARBON TETRACHLORIDE,6.05929122e-07,10170
Teton,16081,CHLOROPRENE,0.0,10170
Teton,16081,CHROMIUM VI (HEXAVALENT),0.002196969456,10170
Teton,16081,EPICHLOROHYDRIN,0.0,10170
Teton,16081,ETHYLBENZENE,1.6783308e-08,10170
Teton,16081,ETHYLENE DIBROMIDE (DIBROMOETHANE),0.0,10170
Teton,16081,"ETHYLENE DICHLORIDE (1,2-DICHLOROETHANE)",5.6156152e-07,10170
Teton,16081,ETHYLENE OXIDE,0.0,10170
Teton,16081,"ETHYLIDENE DICHLORIDE (1,1-DICHLOROETHANE)",0.0,10170
Teton,16081,FORMALDEHYDE,3.2286961148e-05,10170
Teton,16081,HEXACHLOROBENZENE,0.0,10170
Teton,16081,HEXACHLOROBUTADIENE,0.0,10170
Teton,16081,METHYL TERT-BUTYL ETHER,0.0,10170
Teton,16081,METHYLENE CHLORIDE,2.82277732e-07,10170
Teton,16081,NAPHTHALENE,6.34063654e-07,10170
Teton,16081,NICKEL COMPOUNDS,2.9815543680000002e-05,10170
Teton,16081,NITROBENZENE,0.0,10170
Teton,16081,O-TOLUIDINE,0.0,10170
Teton,16081,PAHPOM,3.1197034e-08,10170
Teton,16081,PENTACHLOROPHENOL,1.27709e-10,10170
Teton,16081,POLYCHLORINATED BIPHENYLS (AROCLORS),0.0,10170
Teton,16081,PROPYLENE OXIDE,0.0,10170
Teton,16081,TETRACHLOROETHYLENE,4.8512695e-08,10170
Teton,16081,TRICHLOROETHYLENE,1.4610572599999998e-07,10170
Teton,16081,VINYL CHLORIDE,3.275103e-08,10170
Twin Falls,16083,"1,1,2-TRICHLOROETHANE",0.0,77230
Twin Falls,16083,"1,3-BUTADIENE",0.0,77230
Twin Falls,16083,"1,3-DICHLOROPROPENE",0.0,77230
Twin Falls,16083,"1,4-DICHLOROBENZENE",0.0,77230
Twin Falls,16083,"1,4-DIOXANE",0.0,77230
Twin Falls,16083,"2,4,6-TRICHLOROPHENOL",0.0,77230
Twin Falls,16083,"2,4-DINITROTOLUENE",0.0,77230
Twin Falls,16083,"2,4-TOLUENE DIISOCYANATE",0.0,77230
Twin Falls,16083,2-NITROPROPANE,0.0,77230
Twin Falls,16083,ACETALDEHYDE,0.0,77230
Twin Falls,16083,ACETAMIDE,0.0,77230
Twin Falls,16083,ACRYLONITRILE,0.0,77230
Twin Falls,16083,ALLYL CHLORIDE,0.0,77230
Twin Falls,16083,ARSENIC COMPOUNDS(INORGANIC INCLUDING ARSINE),0.005842030971488,77230
Twin Falls,16083,BENZENE,6.96360988e-07,77230
Twin Falls,16083,BENZYL CHLORIDE,0.0,77230
Twin Falls,16083,BERYLLIUM COMPOUNDS,0.0,77230
Twin Falls,16083,BIS(2-ETHYLHEXYL)PHTHALATE (DEHP),0.0,77230
Twin Falls,16083,BROMOFORM,0.0,77230
Twin Falls,16083,CADMIUM COMPOUNDS,0.0005921053741440001,77230
Twin Falls,16083,CARBON TETRACHLORIDE,0.0,77230
Twin Falls,16083,CHLOROPRENE,0.0,77230
Twin Falls,16083,CHROMIUM VI (HEXAVALENT),3.0953639834e-05,77230
Twin Falls,16083,EPICHLOROHYDRIN,0.0,77230
Twin Falls,16083,ETHYLBENZENE,0.0,77230
Twin Falls,16083,ETHYLENE DIBROMIDE (DIBROMOETHANE),0.0,77230
Twin Falls,16083,"ETHYLENE DICHLORIDE (1,2-DICHLOROETHANE)",0.0,77230
Twin Falls,16083,ETHYLENE OXIDE,0.0,77230
Twin Falls,16083,"ETHYLIDENE DICHLORIDE (1,1-DICHLOROETHANE)",0.0,77230
Twin Falls,16083,FORMALDEHYDE,1.5206359845000002e-05,77230
Twin Falls,16083,HEXACHLOROBENZENE,0.0,77230
Twin Falls,16083,HEXACHLOROBUTADIENE,0.0,77230
Twin Falls,16083,METHYL TERT-BUTYL ETHER,0.0,77230
Twin Falls,16083,METHYLENE CHLORIDE,0.0,77230
Twin Falls,16083,NAPHTHALENE,4.26434021e-07,77230
Twin Falls,16083,NICKEL COMPOUNDS,0.0017321174516799999,77230
Twin Falls,16083,NITROBENZENE,0.0,77230
Twin Falls,16083,O-TOLUIDINE,0.0,77230
Twin Falls,16083,PAHPOM,8.515099e-09,77230
Twin Falls,16083,PENTACHLOROPHENOL,0.0,77230
Twin Falls,16083,POLYCHLORINATED BIPHENYLS (AROCLORS),0.0,77230
Twin Falls,16083,PROPYLENE OXIDE,0.0,77230
Twin Falls,16083,TETRACHLOROETHYLENE,0.0,77230
Twin Falls,16083,TRICHLOROETHYLENE,0.0,77230
Twin Falls,16083,VINYL CHLORIDE,0.0,77230
Valley,16085,"1,1,2-TRICHLOROETHANE",0.0,9862
Valley,16085,"1,3-BUTADIENE",0.0,9862
Valley,16085,"1,3-DICHLOROPROPENE",0.0,9862
Valley,16085,"1,4-DICHLOROBENZENE",0.0,9862
Valley,16085,"1,4-DIOXANE",0.0,9862
Valley,16085,"2,4,6-TRICHLOROPHENOL",0.0,9862
Valley,16085,"2,4-DINITROTOLUENE",0.0,9862
Valley,16085,"2,4-TOLUENE DIISOCYANATE",0.0,9862
Valley,16085,2-NITROPROPANE,0.0,9862
Valley,16085,ACETALDEHYDE,1.8969957050000002e-06,9862
Valley,16085,ACETAMIDE,0.0,9862
Valley,16085,ACRYLONITRILE,0.0,9862
Valley,16085,ALLYL CHLORIDE,0.0,9862
Valley,16085,ARSENIC COMPOUNDS(INORGANIC INCLUDING ARSINE),0.000238973068748,9862
Valley,16085,BENZENE,0.00036812122972800003,9862
Valley,16085,BENZYL CHLORIDE,0.0,9862
Valley,16085,BERYLLIUM COMPOUNDS,4.513543576e-06,9862
Valley,16085,BIS(2-ETHYLHEXYL)PHTHALATE (DEHP),3.6761300000000006e-10,9862
Valley,16085,BROMOFORM,0.0,9862
Valley,16085,CADMIUM COMPOUNDS,2.6275420745000003e-05,9862
Valley,16085,CARBON TETRACHLORIDE,6.392581427e-06,9862
Valley,16085,CHLOROPRENE,0.0,9862
Valley,16085,CHROMIUM VI (HEXAVALENT),0.00038498595682599996,9862
Valley,16085,EPICHLOROHYDRIN,0.0,9862
Valley,16085,ETHYLBENZENE,2.1893987600000003e-07,9862
Valley,16085,ETHYLENE DIBROMIDE (DIBROMOETHANE),0.0,9862
Valley,16085,"ETHYLENE DICHLORIDE (1,2-DICHLOROETHANE)",8.042849583999999e-06,9862
Valley,16085,ETHYLENE OXIDE,0.0,9862
Valley,16085,"ETHYLIDENE DICHLORIDE (1,1-DICHLOROETHANE)",0.0,9862
Valley,16085,FORMALDEHYDE,9.781608321600001e-05,9862
Valley,16085,HEXACHLOROBENZENE,0.0,9862
Valley,16085,HEXACHLOROBUTADIENE,0.0,9862
Valley,16085,METHYL TERT-BUTYL ETHER,0.0,9862
Valley,16085,METHYLENE CHLORIDE,6.960884487000001e-06,9862
Valley,16085,NAPHTHALENE,2.1343000000000004e-11,9862
Valley,16085,NICKEL COMPOUNDS,7.2094350411e-05,9862
Valley,16085,NITROBENZENE,0.0,9862
Valley,16085,O-TOLUIDINE,0.0,9862
Valley,16085,PAHPOM,2.91645729e-07,9862
Valley,16085,PENTACHLOROPHENOL,8.679630000000001e-10,9862
Valley,16085,POLYCHLORINATED BIPHENYLS (AROCLORS),0.0,9862
Valley,16085,PROPYLENE OXIDE,0.0,9862
Valley,16085,TETRACHLOROETHYLENE,1.222895413e-06,9862
Valley,16085,TRICHLOROETHYLENE,2.445682971e-06,9862
Valley,16085,VINYL CHLORIDE,7.57338073e-07,9862
Washington,16087,"1,1,2-TRICHLOROETHANE",1.12613071e-07,10198
Washington,16087,"1,3-BUTADIENE",1.0453074009999998e-06,10198
Washington,16087,"1,3-DICHLOROPROPENE",1.7057061e-08,10198
Washington,16087,"1,4-DICHLOROBENZENE",0.0,10198
Washington,16087,"1,4-DIOXANE",0.0,10198
Washington,16087,"2,4,6-TRICHLOROPHENOL",0.0,10198
Washington,16087,"2,4-DINITROTOLUENE",0.0,10198
Washington,16087,"2,4-TOLUENE DIISOCYANATE",0.0,10198
Washington,16087,2-NITROPROPANE,0.0,10198
Washington,16087,ACETALDEHYDE,4.993571878000001e-06,10198
Washington,16087,ACETAMIDE,0.0,10198
Washington,16087,ACRYLONITRILE,0.0,10198
Washington,16087,ALLYL CHLORIDE,0.0,10198
Washington,16087,ARSENIC COMPOUNDS(INORGANIC INCLUDING ARSINE),0.00021645808296700002,10198
Washington,16087,BENZENE,0.000488909842296,10198
Washington,16087,BENZYL CHLORIDE,0.0,10198
Washington,16087,BERYLLIUM COMPOUNDS,5.551452673999999e-06,10198
Washington,16087,BIS(2-ETHYLHEXYL)PHTHALATE (DEHP),3.0764299999999996e-10,10198
Washington,16087,BROMOFORM,0.0,10198
Washington,16087,CADMIUM COMPOUNDS,3.6847248371000004e-05,10198
Washington,16087,CARBON TETRACHLORIDE,4.272343036999999e-06,10198
Washington,16087,CHLOROPRENE,0.0,10198
Washington,16087,CHROMIUM VI (HEXAVALENT),0.000325961108908,10198
Washington,16087,EPICHLOROHYDRIN,0.0,10198
Washington,16087,ETHYLBENZENE,3.3250166559e-05,10198
Washington,16087,ETHYLENE DIBROMIDE (DIBROMOETHANE),0.0,10198
Washington,16087,"ETHYLENE DICHLORIDE (1,2-DICHLOROETHANE)",1.2235288062999998e-05,10198
Washington,16087,ETHYLENE OXIDE,0.0,10198
Washington,16087,"ETHYLIDENE DICHLORIDE (1,1-DICHLOROETHANE)",8.389996e-09,10198
Washington,16087,FORMALDEHYDE,0.000447491665614,10198
Washington,16087,HEXACHLOROBENZENE,0.0,10198
Washington,16087,HEXACHLOROBUTADIENE,0.0,10198
Washington,16087,METHYL TERT-BUTYL ETHER,0.0,10198
Washington,16087,METHYLENE CHLORIDE,1.0305048927e-05,10198
Washington,16087,NAPHTHALENE,2.9859972610000004e-06,10198
Washington,16087,NICKEL COMPOUNDS,6.311193792100001e-05,10198
Washington,16087,NITROBENZENE,0.0,10198
Washington,16087,O-TOLUIDINE,0.0,10198
Washington,16087,PAHPOM,3.63587985e-07,10198
Washington,16087,PENTACHLOROPHENOL,7.26387e-10,10198
Washington,16087,POLYCHLORINATED BIPHENYLS (AROCLORS),0.0,10198
Washington,16087,PROPYLENE OXIDE,0.0,10198
Washington,16087,TETRACHLOROETHYLENE,2.5542558340000003e-06,10198
Washington,16087,TRICHLOROETHYLENE,8.367604437000002e-06,10198
Washington,16087,VINYL CHLORIDE,9.921318790000001e-07,10198
