county,fips,pollutant,val
Carson city,32510,"1,1,2-TRICHLOROETHANE",0.0
Carson city,32510,"1,3-BUTADIENE",0.0
Carson city,32510,"1,3-DICHLOROPROPENE",0.0018260006761720003
Carson city,32510,"1,4-DICHLOROBENZENE",0.015479457210838
Carson city,32510,"1,4-DIOXANE",8.221817329499999e-05
Carson city,32510,"2,4,6-TRICHLOROPHENOL",0.0
Carson city,32510,"2,4-DINITROTOLUENE",0.0
Carson city,32510,"2,4-TOLUENE DIISOCYANATE",5.960294829899999e-05
Carson city,32510,2-NITROPROPANE,0.0
Carson city,32510,ACETALDEHYDE,4.5866810692e-05
Carson city,32510,ACETAMIDE,0.0
Carson city,32510,ACRYLONITRILE,0.0
Carson city,32510,ALLYL CHLORIDE,0.0
Carson city,32510,ARSENIC COMPOUNDS(INORGANIC INCLUDING ARSINE),0.0
Carson city,32510,BENZENE,0.004509206478531
Carson city,32510,BENZYL CHLORIDE,0.0
Carson city,32510,BERYLLIUM COMPOUNDS,0.0
Carson city,32510,BIS(2-ETHYLHEXYL)PHTHALATE (DEHP),4.3864965561999996e-05
Carson city,32510,CADMIUM COMPOUNDS,0.0
Carson city,32510,CARBON TETRACHLORIDE,0.0
Carson city,32510,CHLOROPRENE,0.0
Carson city,32510,CHROMIUM VI (HEXAVALENT),0.0
Carson city,32510,EPICHLOROHYDRIN,0.0
Carson city,32510,ETHYLBENZENE,0.0027651294112959993
Carson city,32510,"ETHYLENE DICHLORIDE (1,2-DICHLOROETHANE)",0.0
Carson city,32510,ETHYLENE OXIDE,0.0
Carson city,32510,"ETHYLIDENE DICHLORIDE (1,1-DICHLOROETHANE)",0.0
Carson city,32510,FORMALDEHYDE,5.346928551100001e-05
Carson city,32510,HEXACHLOROBENZENE,0.0
Carson city,32510,HEXACHLOROBUTADIENE,0.0
Carson city,32510,METHYL TERT-BUTYL ETHER,0.0
Carson city,32510,METHYLENE CHLORIDE,0.002253251976812
Carson city,32510,NAPHTHALENE,0.10716467649297601
Carson city,32510,NICKEL COMPOUNDS,0.0
Carson city,32510,NITROBENZENE,0.0
Carson city,32510,O-TOLUIDINE,0.0
Carson city,32510,PAHPOM,0.00017972966636700002
Carson city,32510,PENTACHLOROPHENOL,0.0
Carson city,32510,POLYCHLORINATED BIPHENYLS (AROCLORS),0.0
Carson city,32510,PROPYLENE OXIDE,1.27504743e-07
Carson city,32510,TETRACHLOROETHYLENE,0.003298324481485
Carson city,32510,TRICHLOROETHYLENE,0.036798467942882995
Carson city,32510,VINYL CHLORIDE,0.0
Churchill,32001,"1,1,2-TRICHLOROETHANE",0.0
Churchill,32001,"1,3-BUTADIENE",0.0
Churchill,32001,"1,4-DICHLOROBENZENE",0.0
Churchill,32001,"1,4-DIOXANE",2.4574128059e-05
Churchill,32001,"2,4,6-TRICHLOROPHENOL",0.0
Churchill,32001,"2,4-DINITROTOLUENE",0.0
Churchill,32001,"2,4-TOLUENE DIISOCYANATE",2.4329402803000004e-05
Churchill,32001,2-NITROPROPANE,0.0
Churchill,32001,ACETALDEHYDE,1.6182953116e-05
Churchill,32001,ACETAMIDE,0.0
Churchill,32001,ACRYLONITRILE,0.0
Churchill,32001,ALLYL CHLORIDE,0.0
Churchill,32001,ARSENIC COMPOUNDS(INORGANIC INCLUDING ARSINE),0.0
Churchill,32001,BENZENE,0.0028973164543000004
Churchill,32001,BENZYL CHLORIDE,0.0
Churchill,32001,BERYLLIUM COMPOUNDS,0.0
Churchill,32001,BIS(2-ETHYLHEXYL)PHTHALATE (DEHP),1.3034126140000002e-05
Churchill,32001,CADMIUM COMPOUNDS,0.0
Churchill,32001,CARBON TETRACHLORIDE,0.0
Churchill,32001,CHLOROPRENE,0.0
Churchill,32001,CHROMIUM VI (HEXAVALENT),0.0
Churchill,32001,EPICHLOROHYDRIN,0.0
Churchill,32001,ETHYLBENZENE,0.001047709344628
Churchill,32001,"ETHYLENE DICHLORIDE (1,2-DICHLOROETHANE)",0.0
Churchill,32001,ETHYLENE OXIDE,0.0
Churchill,32001,FORMALDEHYDE,2.1510056515000002e-05
Churchill,32001,HEXACHLOROBENZENE,0.0
Churchill,32001,HEXACHLOROBUTADIENE,0.0
Churchill,32001,METHYL TERT-BUTYL ETHER,0.0
Churchill,32001,METHYLENE CHLORIDE,0.00256045692583
Churchill,32001,NAPHTHALENE,0.071510156269841
Churchill,32001,NICKEL COMPOUNDS,0.0
Churchill,32001,NITROBENZENE,0.0
Churchill,32001,O-TOLUIDINE,0.0
Churchill,32001,PAHPOM,7.4847303927e-05
Churchill,32001,PENTACHLOROPHENOL,0.0
Churchill,32001,POLYCHLORINATED BIPHENYLS (AROCLORS),0.0
Churchill,32001,PROPYLENE OXIDE,0.0
Churchill,32001,TETRACHLOROETHYLENE,0.0032713300337459997
Churchill,32001,TRICHLOROETHYLENE,0.014541608499612
Churchill,32001,VINYL CHLORIDE,0.0
Clark,32003,"1,1,2-TRICHLOROETHANE",0.0
Clark,32003,"1,3-BUTADIENE",0.0
Clark,32003,"1,3-DICHLOROPROPENE",0.0006092634631240001
Clark,32003,"1,4-DICHLOROBENZENE",0.000208276721884
Clark,32003,"1,4-DIOXANE",0.000226851593117
Clark,32003,"2,4,6-TRICHLOROPHENOL",0.0
Clark,32003,"2,4-DINITROTOLUENE",0.0
Clark,32003,"2,4-TOLUENE DIISOCYANATE",0.00036284396116300006
Clark,32003,2-NITROPROPANE,0.0
Clark,32003,ACETALDEHYDE,0.000331982811722
Clark,32003,ACETAMIDE,0.0
Clark,32003,ACRYLONITRILE,0.0
Clark,32003,ALLYL CHLORIDE,0.0
Clark,32003,ARSENIC COMPOUNDS(INORGANIC INCLUDING ARSINE),0.0
Clark,32003,BENZENE,0.015153640882281
Clark,32003,BENZYL CHLORIDE,0.0
Clark,32003,BERYLLIUM COMPOUNDS,0.0
Clark,32003,BIS(2-ETHYLHEXYL)PHTHALATE (DEHP),0.00011964510458499999
Clark,32003,BROMOFORM,0.0
Clark,32003,CADMIUM COMPOUNDS,0.0
Clark,32003,CARBON TETRACHLORIDE,0.0
Clark,32003,CHLOROPRENE,0.0
Clark,32003,CHROMIUM VI (HEXAVALENT),0.0
Clark,32003,EPICHLOROHYDRIN,0.0
Clark,32003,ETHYLBENZENE,0.014062210375424999
Clark,32003,ETHYLENE DIBROMIDE (DIBROMOETHANE),0.0
Clark,32003,"ETHYLENE DICHLORIDE (1,2-DICHLOROETHANE)",0.0
Clark,32003,ETHYLENE OXIDE,0.0
Clark,32003,"ETHYLIDENE DICHLORIDE (1,1-DICHLOROETHANE)",0.0
Clark,32003,FORMALDEHYDE,0.000389212351764
Clark,32003,HEXACHLOROBENZENE,0.0
Clark,32003,HEXACHLOROBUTADIENE,0.0
Clark,32003,METHYL TERT-BUTYL ETHER,0.0
Clark,32003,METHYLENE CHLORIDE,0.002688396695643
Clark,32003,NAPHTHALENE,0.8347719995686509
Clark,32003,NICKEL COMPOUNDS,0.0
Clark,32003,NITROBENZENE,0.0
Clark,32003,O-TOLUIDINE,0.0
Clark,32003,PAHPOM,0.000420301626806
Clark,32003,PROPYLENE OXIDE,1.98098e-10
Clark,32003,TETRACHLOROETHYLENE,0.004912889622835
Clark,32003,TRICHLOROETHYLENE,0.10031855456518302
Clark,32003,VINYL CHLORIDE,0.0
Douglas,32005,"1,1,2-TRICHLOROETHANE",0.0
Douglas,32005,"1,3-BUTADIENE",0.0
Douglas,32005,"1,3-DICHLOROPROPENE",0.002613824097832
Douglas,32005,"1,4-DICHLOROBENZENE",0.013760208098244
Douglas,32005,"1,4-DIOXANE",3.9605588784e-05
Douglas,32005,"2,4,6-TRICHLOROPHENOL",0.0
Douglas,32005,"2,4-DINITROTOLUENE",0.0
Douglas,32005,"2,4-TOLUENE DIISOCYANATE",2.5992263936999997e-05
Douglas,32005,2-NITROPROPANE,0.0
Douglas,32005,ACETALDEHYDE,1.9159629753e-05
Douglas,32005,ACETAMIDE,0.0
Douglas,32005,ACRYLONITRILE,0.0
Douglas,32005,ALLYL CHLORIDE,0.0
Douglas,32005,ARSENIC COMPOUNDS(INORGANIC INCLUDING ARSINE),0.0
Douglas,32005,BENZENE,0.002050386268279
Douglas,32005,BENZYL CHLORIDE,0.0
Douglas,32005,BERYLLIUM COMPOUNDS,0.0
Douglas,32005,BIS(2-ETHYLHEXYL)PHTHALATE (DEHP),2.0820966374e-05
Douglas,32005,BROMOFORM,0.0
Douglas,32005,CADMIUM COMPOUNDS,0.0
Douglas,32005,CARBON TETRACHLORIDE,0.0
Douglas,32005,CHLOROPRENE,0.0
Douglas,32005,CHROMIUM VI (HEXAVALENT),0.0
Douglas,32005,EPICHLOROHYDRIN,0.0
Douglas,32005,ETHYLBENZENE,0.0016195185153010001
Douglas,32005,ETHYLENE DIBROMIDE (DIBROMOETHANE),0.0
Douglas,32005,"ETHYLENE DICHLORIDE (1,2-DICHLOROETHANE)",0.0
Douglas,32005,ETHYLENE OXIDE,0.0
Douglas,32005,"ETHYLIDENE DICHLORIDE (1,1-DICHLOROETHANE)",0.0
Douglas,32005,FORMALDEHYDE,2.3435788459e-05
Douglas,32005,HEXACHLOROBENZENE,0.0
Douglas,32005,HEXACHLOROBUTADIENE,0.0
Douglas,32005,METHYL TERT-BUTYL ETHER,0.0
Douglas,32005,METHYLENE CHLORIDE,0.002084493869219
Douglas,32005,NAPHTHALENE,0.061134770879294004
Douglas,32005,NICKEL COMPOUNDS,0.0
Douglas,32005,NITROBENZENE,0.0
Douglas,32005,O-TOLUIDINE,0.0
Douglas,32005,PAHPOM,5.8745353578e-05
Douglas,32005,POLYCHLORINATED BIPHENYLS (AROCLORS),0.0
Douglas,32005,PROPYLENE OXIDE,1.9296862699999998e-07
Douglas,32005,TETRACHLOROETHYLENE,0.0027910128477820003
Douglas,32005,TRICHLOROETHYLENE,0.012383003448248
Douglas,32005,VINYL CHLORIDE,0.0
Elko,32007,"1,1,2-TRICHLOROETHANE",0.0
Elko,32007,"1,3-BUTADIENE",2.8694389999999997e-08
Elko,32007,"1,3-DICHLOROPROPENE",5.7868830979999996e-05
Elko,32007,"1,4-DICHLOROBENZENE",0.000119462228976
Elko,32007,"1,4-DIOXANE",8.160941136e-06
Elko,32007,"2,4,6-TRICHLOROPHENOL",0.0
Elko,32007,"2,4-DINITROTOLUENE",0.0
Elko,32007,"2,4-TOLUENE DIISOCYANATE",7.283939574e-06
Elko,32007,2-NITROPROPANE,1.85664e-10
Elko,32007,ACETALDEHYDE,5.251791625e-06
Elko,32007,ACETAMIDE,4.2915e-11
Elko,32007,ACRYLONITRILE,4.0008359999999996e-09
Elko,32007,ALLYL CHLORIDE,0.0
Elko,32007,ARSENIC COMPOUNDS(INORGANIC INCLUDING ARSINE),0.0
Elko,32007,BENZENE,0.001319137767191
Elko,32007,BENZYL CHLORIDE,3.43e-13
Elko,32007,BERYLLIUM COMPOUNDS,0.0
Elko,32007,BIS(2-ETHYLHEXYL)PHTHALATE (DEHP),4.381384694e-06
Elko,32007,BROMOFORM,0.0
Elko,32007,CADMIUM COMPOUNDS,0.0
Elko,32007,CARBON TETRACHLORIDE,3.97655e-09
Elko,32007,CHLOROPRENE,0.0
Elko,32007,CHROMIUM VI (HEXAVALENT),0.0
Elko,32007,EPICHLOROHYDRIN,0.0
Elko,32007,ETHYLBENZENE,0.00034592235634900003
Elko,32007,ETHYLENE DIBROMIDE (DIBROMOETHANE),0.0
Elko,32007,"ETHYLENE DICHLORIDE (1,2-DICHLOROETHANE)",3.2073619199999995e-07
Elko,32007,ETHYLENE OXIDE,0.0
Elko,32007,"ETHYLIDENE DICHLORIDE (1,1-DICHLOROETHANE)",0.0
Elko,32007,FORMALDEHYDE,7.279085083e-06
Elko,32007,HEXACHLOROBENZENE,0.0
Elko,32007,HEXACHLOROBUTADIENE,0.0
Elko,32007,METHYL TERT-BUTYL ETHER,9.5263e-11
Elko,32007,METHYLENE CHLORIDE,0.002079712417937
Elko,32007,NAPHTHALENE,0.025580266868083
Elko,32007,NICKEL COMPOUNDS,0.0
Elko,32007,NITROBENZENE,0.0
Elko,32007,O-TOLUIDINE,0.0
Elko,32007,PAHPOM,2.3276932008000004e-05
Elko,32007,PENTACHLOROPHENOL,0.0
Elko,32007,POLYCHLORINATED BIPHENYLS (AROCLORS),0.0
Elko,32007,PROPYLENE OXIDE,2.2234000000000002e-11
Elko,32007,TETRACHLOROETHYLENE,0.0027897055931350003
Elko,32007,TRICHLOROETHYLENE,0.003418586602355
Elko,32007,VINYL CHLORIDE,0.0
Esmeralda,32009,"1,1,2-TRICHLOROETHANE",0.0
Esmeralda,32009,"1,3-BUTADIENE",0.0
Esmeralda,32009,"1,3-DICHLOROPROPENE",0.00055593725232
Esmeralda,32009,"1,4-DICHLOROBENZENE",0.004541563275160999
Esmeralda,32009,"1,4-DIOXANE",2.58618315e-07
Esmeralda,32009,"2,4,6-TRICHLOROPHENOL",0.0
Esmeralda,32009,"2,4-DINITROTOLUENE",0.0
Esmeralda,32009,"2,4-TOLUENE DIISOCYANATE",1.5281230359999997e-06
Esmeralda,32009,2-NITROPROPANE,0.0
Esmeralda,32009,ACETALDEHYDE,5.13806786e-07
Esmeralda,32009,ACETAMIDE,0.0
Esmeralda,32009,ACRYLONITRILE,0.0
Esmeralda,32009,ALLYL CHLORIDE,0.0
Esmeralda,32009,ARSENIC COMPOUNDS(INORGANIC INCLUDING ARSINE),0.0
Esmeralda,32009,BENZENE,0.0011309192718880002
Esmeralda,32009,BENZYL CHLORIDE,0.0
Esmeralda,32009,BERYLLIUM COMPOUNDS,0.0
Esmeralda,32009,BIS(2-ETHYLHEXYL)PHTHALATE (DEHP),1.38421142e-07
Esmeralda,32009,CADMIUM COMPOUNDS,0.0
Esmeralda,32009,CARBON TETRACHLORIDE,0.0
Esmeralda,32009,CHLOROPRENE,0.0
Esmeralda,32009,CHROMIUM VI (HEXAVALENT),0.0
Esmeralda,32009,EPICHLOROHYDRIN,0.0
Esmeralda,32009,ETHYLBENZENE,0.0008796167730980002
Esmeralda,32009,"ETHYLENE DICHLORIDE (1,2-DICHLOROETHANE)",0.0
Esmeralda,32009,ETHYLENE OXIDE,0.0
Esmeralda,32009,FORMALDEHYDE,2.2277632e-07
Esmeralda,32009,HEXACHLOROBENZENE,0.0
Esmeralda,32009,HEXACHLOROBUTADIENE,0.0
Esmeralda,32009,METHYL TERT-BUTYL ETHER,0.0
Esmeralda,32009,METHYLENE CHLORIDE,0.001603381528992
Esmeralda,32009,NAPHTHALENE,0.004435301132234001
Esmeralda,32009,NICKEL COMPOUNDS,0.0
Esmeralda,32009,NITROBENZENE,0.0
Esmeralda,32009,O-TOLUIDINE,0.0
Esmeralda,32009,PAHPOM,1.2517521979999998e-06
Esmeralda,32009,PROPYLENE OXIDE,3.0386857000000003e-08
Esmeralda,32009,TETRACHLOROETHYLENE,0.002615609880847
Esmeralda,32009,TRICHLOROETHYLENE,0.0009028502176610001
Esmeralda,32009,VINYL CHLORIDE,0.0
Eureka,32011,"1,1,2-TRICHLOROETHANE",0.0
Eureka,32011,"1,3-BUTADIENE",0.0
Eureka,32011,"1,3-DICHLOROPROPENE",0.0
Eureka,32011,"1,4-DICHLOROBENZENE",0.0
Eureka,32011,"1,4-DIOXANE",3.65934855e-07
Eureka,32011,"2,4,6-TRICHLOROPHENOL",0.0
Eureka,32011,"2,4-DINITROTOLUENE",0.0
Eureka,32011,"2,4-TOLUENE DIISOCYANATE",1.423704095e-06
Eureka,32011,2-NITROPROPANE,0.0
Eureka,32011,ACETALDEHYDE,5.71404343e-07
Eureka,32011,ACETAMIDE,0.0
Eureka,32011,ACRYLONITRILE,0.0
Eureka,32011,ALLYL CHLORIDE,0.0
Eureka,32011,ARSENIC COMPOUNDS(INORGANIC INCLUDING ARSINE),0.0
Eureka,32011,BENZENE,0.000608326516684
Eureka,32011,BENZYL CHLORIDE,0.0
Eureka,32011,BERYLLIUM COMPOUNDS,0.0
Eureka,32011,BIS(2-ETHYLHEXYL)PHTHALATE (DEHP),1.9095574600000004e-07
Eureka,32011,BROMOFORM,0.0
Eureka,32011,CADMIUM COMPOUNDS,0.0
Eureka,32011,CARBON TETRACHLORIDE,0.0
Eureka,32011,CHLOROPRENE,0.0
Eureka,32011,CHROMIUM VI (HEXAVALENT),0.0
Eureka,32011,EPICHLOROHYDRIN,0.0
Eureka,32011,ETHYLBENZENE,5.0294185663e-05
Eureka,32011,ETHYLENE DIBROMIDE (DIBROMOETHANE),0.0
Eureka,32011,"ETHYLENE DICHLORIDE (1,2-DICHLOROETHANE)",0.0
Eureka,32011,ETHYLENE OXIDE,0.0
Eureka,32011,"ETHYLIDENE DICHLORIDE (1,1-DICHLOROETHANE)",0.0
Eureka,32011,FORMALDEHYDE,2.30425325e-07
Eureka,32011,HEXACHLOROBENZENE,0.0
Eureka,32011,HEXACHLOROBUTADIENE,0.0
Eureka,32011,METHYL TERT-BUTYL ETHER,0.0
Eureka,32011,METHYLENE CHLORIDE,0.001386275905849
Eureka,32011,NAPHTHALENE,0.003747601176034
Eureka,32011,NICKEL COMPOUNDS,0.0
Eureka,32011,NITROBENZENE,0.0
Eureka,32011,O-TOLUIDINE,0.0
Eureka,32011,PAHPOM,3.3551870689999997e-06
Eureka,32011,PROPYLENE OXIDE,0.0
Eureka,32011,TETRACHLOROETHYLENE,0.002410666482114
Eureka,32011,TRICHLOROETHYLENE,0.0008210181980639998
Eureka,32011,VINYL CHLORIDE,0.0
Humboldt,32013,"1,1,2-TRICHLOROETHANE",0.0
Humboldt,32013,"1,3-BUTADIENE",0.0
Humboldt,32013,"1,3-DICHLOROPROPENE",1.5365025836e-05
Humboldt,32013,"1,4-DICHLOROBENZENE",3.693555e-08
Humboldt,32013,"1,4-DIOXANE",4.204518678e-06
Humboldt,32013,"2,4,6-TRICHLOROPHENOL",0.0
Humboldt,32013,"2,4-DINITROTOLUENE",0.0
Humboldt,32013,"2,4-TOLUENE DIISOCYANATE",5.503311619e-06
Humboldt,32013,2-NITROPROPANE,6e-15
Humboldt,32013,ACETALDEHYDE,2.36897071e-06
Humboldt,32013,ACETAMIDE,0.0
Humboldt,32013,ACRYLONITRILE,0.0
Humboldt,32013,ALLYL CHLORIDE,0.0
Humboldt,32013,ARSENIC COMPOUNDS(INORGANIC INCLUDING ARSINE),0.0
Humboldt,32013,BENZENE,0.001134377089402
Humboldt,32013,BENZYL CHLORIDE,0.0
Humboldt,32013,BERYLLIUM COMPOUNDS,0.0
Humboldt,32013,BIS(2-ETHYLHEXYL)PHTHALATE (DEHP),2.22576041e-06
Humboldt,32013,BROMOFORM,0.0
Humboldt,32013,CADMIUM COMPOUNDS,0.0
Humboldt,32013,CARBON TETRACHLORIDE,3.9710477600000004e-07
Humboldt,32013,CHLOROPRENE,0.0
Humboldt,32013,CHROMIUM VI (HEXAVALENT),0.0
Humboldt,32013,EPICHLOROHYDRIN,0.0
Humboldt,32013,ETHYLBENZENE,0.00022820658944
Humboldt,32013,ETHYLENE DIBROMIDE (DIBROMOETHANE),0.0
Humboldt,32013,"ETHYLENE DICHLORIDE (1,2-DICHLOROETHANE)",2.6370999999999997e-11
Humboldt,32013,ETHYLENE OXIDE,0.0
Humboldt,32013,FORMALDEHYDE,3.327628499e-06
Humboldt,32013,HEXACHLOROBENZENE,0.0
Humboldt,32013,HEXACHLOROBUTADIENE,0.0
Humboldt,32013,METHYL TERT-BUTYL ETHER,3e-15
Humboldt,32013,METHYLENE CHLORIDE,0.002281368823896
Humboldt,32013,NAPHTHALENE,0.019534328806611
Humboldt,32013,NICKEL COMPOUNDS,0.0
Humboldt,32013,NITROBENZENE,0.0
Humboldt,32013,O-TOLUIDINE,0.0
Humboldt,32013,PAHPOM,1.6401324392e-05
Humboldt,32013,POLYCHLORINATED BIPHENYLS (AROCLORS),0.0
Humboldt,32013,PROPYLENE OXIDE,0.0
Humboldt,32013,TETRACHLOROETHYLENE,0.0029677784263829996
Humboldt,32013,TRICHLOROETHYLENE,0.0028805382778540004
Humboldt,32013,VINYL CHLORIDE,0.0
Lander,32015,"1,1,2-TRICHLOROETHANE",0.0
Lander,32015,"1,3-BUTADIENE",0.0
Lander,32015,"1,3-DICHLOROPROPENE",0.0
Lander,32015,"1,4-DICHLOROBENZENE",0.0
Lander,32015,"1,4-DIOXANE",1.800765405e-06
Lander,32015,"2,4,6-TRICHLOROPHENOL",0.0
Lander,32015,"2,4-DINITROTOLUENE",0.0
Lander,32015,"2,4-TOLUENE DIISOCYANATE",2.449279305e-06
Lander,32015,2-NITROPROPANE,0.0
Lander,32015,ACETALDEHYDE,8.53199246e-07
Lander,32015,ACETAMIDE,0.0
Lander,32015,ACRYLONITRILE,0.0
Lander,32015,ALLYL CHLORIDE,0.0
Lander,32015,ARSENIC COMPOUNDS(INORGANIC INCLUDING ARSINE),0.0
Lander,32015,BENZENE,0.001199457200339
Lander,32015,BENZYL CHLORIDE,0.0
Lander,32015,BERYLLIUM COMPOUNDS,0.0
Lander,32015,BIS(2-ETHYLHEXYL)PHTHALATE (DEHP),9.6709362e-07
Lander,32015,BROMOFORM,0.0
Lander,32015,CADMIUM COMPOUNDS,0.0
Lander,32015,CARBON TETRACHLORIDE,0.0
Lander,32015,CHLOROPRENE,0.0
Lander,32015,CHROMIUM VI (HEXAVALENT),0.0
Lander,32015,EPICHLOROHYDRIN,0.0
Lander,32015,ETHYLBENZENE,8.540146750800001e-05
Lander,32015,ETHYLENE DIBROMIDE (DIBROMOETHANE),0.0
Lander,32015,"ETHYLENE DICHLORIDE (1,2-DICHLOROETHANE)",0.0
Lander,32015,ETHYLENE OXIDE,0.0
Lander,32015,"ETHYLIDENE DICHLORIDE (1,1-DICHLOROETHANE)",0.0
Lander,32015,FORMALDEHYDE,1.1354226000000002e-06
Lander,32015,HEXACHLOROBENZENE,0.0
Lander,32015,HEXACHLOROBUTADIENE,0.0
Lander,32015,METHYL TERT-BUTYL ETHER,0.0
Lander,32015,METHYLENE CHLORIDE,0.001866828456
Lander,32015,NAPHTHALENE,0.0052690725582339995
Lander,32015,NICKEL COMPOUNDS,0.0
Lander,32015,NITROBENZENE,0.0
Lander,32015,O-TOLUIDINE,0.0
Lander,32015,PAHPOM,1.8126283555e-05
Lander,32015,PROPYLENE OXIDE,0.0
Lander,32015,TETRACHLOROETHYLENE,0.002380119082352
Lander,32015,TRICHLOROETHYLENE,0.003142608540605
Lander,32015,VINYL CHLORIDE,0.0
Lincoln,32017,"1,1,2-TRICHLOROETHANE",0.0
Lincoln,32017,"1,3-BUTADIENE",0.0
Lincoln,32017,"1,3-DICHLOROPROPENE",0.0
Lincoln,32017,"1,4-DICHLOROBENZENE",0.0
Lincoln,32017,"1,4-DIOXANE",5.261250459999999e-07
Lincoln,32017,"2,4,6-TRICHLOROPHENOL",0.0
Lincoln,32017,"2,4-DINITROTOLUENE",0.0
Lincoln,32017,"2,4-TOLUENE DIISOCYANATE",3.0452716069999995e-06
Lincoln,32017,2-NITROPROPANE,0.0
Lincoln,32017,ACETALDEHYDE,3.9194306e-07
Lincoln,32017,ACETAMIDE,0.0
Lincoln,32017,ACRYLONITRILE,0.0
Lincoln,32017,ALLYL CHLORIDE,0.0
Lincoln,32017,ARSENIC COMPOUNDS(INORGANIC INCLUDING ARSINE),0.0
Lincoln,32017,BENZENE,0.0007632600638330001
Lincoln,32017,BENZYL CHLORIDE,0.0
Lincoln,32017,BERYLLIUM COMPOUNDS,0.0
Lincoln,32017,BIS(2-ETHYLHEXYL)PHTHALATE (DEHP),2.78755145e-07
Lincoln,32017,BROMOFORM,0.0
Lincoln,32017,CADMIUM COMPOUNDS,0.0
Lincoln,32017,CARBON TETRACHLORIDE,0.0
Lincoln,32017,CHLOROPRENE,0.0
Lincoln,32017,CHROMIUM VI (HEXAVALENT),0.0
Lincoln,32017,EPICHLOROHYDRIN,0.0
Lincoln,32017,ETHYLBENZENE,8.4395563397e-05
Lincoln,32017,ETHYLENE DIBROMIDE (DIBROMOETHANE),0.0
Lincoln,32017,"ETHYLENE DICHLORIDE (1,2-DICHLOROETHANE)",0.0
Lincoln,32017,ETHYLENE OXIDE,0.0
Lincoln,32017,"ETHYLIDENE DICHLORIDE (1,1-DICHLOROETHANE)",0.0
Lincoln,32017,FORMALDEHYDE,8.47768935e-07
Lincoln,32017,HEXACHLOROBENZENE,0.0
Lincoln,32017,HEXACHLOROBUTADIENE,0.0
Lincoln,32017,METHYL TERT-BUTYL ETHER,0.0
Lincoln,32017,METHYLENE CHLORIDE,0.0016736113058539999
Lincoln,32017,NAPHTHALENE,0.004360063460560001
Lincoln,32017,NICKEL COMPOUNDS,0.0
Lincoln,32017,NITROBENZENE,0.0
Lincoln,32017,O-TOLUIDINE,0.0
Lincoln,32017,PAHPOM,1.4608761570999999e-05
Lincoln,32017,PROPYLENE OXIDE,0.0
Lincoln,32017,TETRACHLOROETHYLENE,0.002655637972578
Lincoln,32017,TRICHLOROETHYLENE,0.0017057887617520002
Lincoln,32017,VINYL CHLORIDE,0.0
Lyon,32019,"1,1,2-TRICHLOROETHANE",0.0
Lyon,32019,"1,3-BUTADIENE",0.0
Lyon,32019,"1,3-DICHLOROPROPENE",0.00045805848441199994
Lyon,32019,"1,4-DICHLOROBENZENE",0.003303327217167
Lyon,32019,"1,4-DIOXANE",2.4110125531999998e-05
Lyon,32019,"2,4,6-TRICHLOROPHENOL",0.0
Lyon,32019,"2,4-DINITROTOLUENE",0.0
Lyon,32019,"2,4-TOLUENE DIISOCYANATE",2.3790377798e-05
Lyon,32019,2-NITROPROPANE,0.0
Lyon,32019,ACETALDEHYDE,1.5726675026e-05
Lyon,32019,ACETAMIDE,0.0
Lyon,32019,ACRYLONITRILE,0.0
Lyon,32019,ALLYL CHLORIDE,0.0
Lyon,32019,ARSENIC COMPOUNDS(INORGANIC INCLUDING ARSINE),0.0
Lyon,32019,BENZENE,0.001878273703028
Lyon,32019,BENZYL CHLORIDE,0.0
Lyon,32019,BERYLLIUM COMPOUNDS,0.0
Lyon,32019,BIS(2-ETHYLHEXYL)PHTHALATE (DEHP),1.2976606443999999e-05
Lyon,32019,BROMOFORM,0.0
Lyon,32019,CADMIUM COMPOUNDS,0.0
Lyon,32019,CARBON TETRACHLORIDE,0.0
Lyon,32019,CHLOROPRENE,0.0
Lyon,32019,CHROMIUM VI (HEXAVALENT),0.0
Lyon,32019,EPICHLOROHYDRIN,0.0
Lyon,32019,ETHYLBENZENE,0.0014836504190570002
Lyon,32019,ETHYLENE DIBROMIDE (DIBROMOETHANE),0.0
Lyon,32019,"ETHYLENE DICHLORIDE (1,2-DICHLOROETHANE)",0.0
Lyon,32019,ETHYLENE OXIDE,0.0
Lyon,32019,"ETHYLIDENE DICHLORIDE (1,1-DICHLOROETHANE)",0.0
Lyon,32019,FORMALDEHYDE,1.9510254805e-05
Lyon,32019,HEXACHLOROBENZENE,0.0
Lyon,32019,HEXACHLOROBUTADIENE,0.0
Lyon,32019,METHYL TERT-BUTYL ETHER,0.0
Lyon,32019,METHYLENE CHLORIDE,0.002119470070499
Lyon,32019,NAPHTHALENE,0.055662209525559
Lyon,32019,NICKEL COMPOUNDS,0.0
Lyon,32019,NITROBENZENE,0.0
Lyon,32019,O-TOLUIDINE,0.0
Lyon,32019,PAHPOM,6.5380556877e-05
Lyon,32019,PENTACHLOROPHENOL,0.0
Lyon,32019,POLYCHLORINATED BIPHENYLS (AROCLORS),0.0
Lyon,32019,PROPYLENE OXIDE,1.2754636999999999e-08
Lyon,32019,TETRACHLOROETHYLENE,0.002812760826045
Lyon,32019,TRICHLOROETHYLENE,0.009001987375011
Lyon,32019,VINYL CHLORIDE,0.0
Mineral,32021,"1,1,2-TRICHLOROETHANE",0.0
Mineral,32021,"1,3-BUTADIENE",0.0
Mineral,32021,"1,3-DICHLOROPROPENE",8.625166805e-06
Mineral,32021,"1,4-DICHLOROBENZENE",0.0016698508885950002
Mineral,32021,"1,4-DIOXANE",8.28300943e-07
Mineral,32021,"2,4,6-TRICHLOROPHENOL",0.0
Mineral,32021,"2,4-DINITROTOLUENE",0.0
Mineral,32021,"2,4-TOLUENE DIISOCYANATE",3.032837333e-06
Mineral,32021,2-NITROPROPANE,0.0
Mineral,32021,ACETALDEHYDE,1.5855877910000002e-06
Mineral,32021,ACETAMIDE,0.0
Mineral,32021,ACRYLONITRILE,0.0
Mineral,32021,ALLYL CHLORIDE,0.0
Mineral,32021,ARSENIC COMPOUNDS(INORGANIC INCLUDING ARSINE),0.0
Mineral,32021,BENZENE,0.000277149618017
Mineral,32021,BENZYL CHLORIDE,0.0
Mineral,32021,BERYLLIUM COMPOUNDS,0.0
Mineral,32021,BIS(2-ETHYLHEXYL)PHTHALATE (DEHP),4.40103881e-07
Mineral,32021,CADMIUM COMPOUNDS,0.0
Mineral,32021,CARBON TETRACHLORIDE,0.0
Mineral,32021,CHLOROPRENE,0.0
Mineral,32021,CHROMIUM VI (HEXAVALENT),0.0
Mineral,32021,EPICHLOROHYDRIN,0.0
Mineral,32021,ETHYLBENZENE,5.3131415256e-05
Mineral,32021,"ETHYLENE DICHLORIDE (1,2-DICHLOROETHANE)",0.0
Mineral,32021,ETHYLENE OXIDE,0.0
Mineral,32021,FORMALDEHYDE,6.19770424e-07
Mineral,32021,HEXACHLOROBENZENE,0.0
Mineral,32021,HEXACHLOROBUTADIENE,0.0
Mineral,32021,METHYL TERT-BUTYL ETHER,0.0
Mineral,32021,METHYLENE CHLORIDE,0.0016823963492389998
Mineral,32021,NAPHTHALENE,0.003942881767425001
Mineral,32021,NICKEL COMPOUNDS,0.0
Mineral,32021,NITROBENZENE,0.0
Mineral,32021,O-TOLUIDINE,0.0
Mineral,32021,PAHPOM,4.166852835e-06
Mineral,32021,PROPYLENE OXIDE,2.48541e-10
Mineral,32021,TETRACHLOROETHYLENE,0.0023978688306500002
Mineral,32021,TRICHLOROETHYLENE,0.001107174596961
Mineral,32021,VINYL CHLORIDE,0.0
Nye,32023,"1,1,2-TRICHLOROETHANE",0.0
Nye,32023,"1,3-BUTADIENE",0.0
Nye,32023,"1,3-DICHLOROPROPENE",0.0018212302235039999
Nye,32023,"1,4-DICHLOROBENZENE",0.002000128720811
Nye,32023,"1,4-DIOXANE",1.3328280826999999e-05
Nye,32023,"2,4,6-TRICHLOROPHENOL",0.0
Nye,32023,"2,4-DINITROTOLUENE",0.0
Nye,32023,"2,4-TOLUENE DIISOCYANATE",1.4234161837000001e-05
Nye,32023,2-NITROPROPANE,0.0
Nye,32023,ACETALDEHYDE,8.944218616e-06
Nye,32023,ACETAMIDE,0.0
Nye,32023,ACRYLONITRILE,0.0
Nye,32023,ALLYL CHLORIDE,0.0
Nye,32023,ARSENIC COMPOUNDS(INORGANIC INCLUDING ARSINE),0.0
Nye,32023,BENZENE,0.0008671824858530001
Nye,32023,BENZYL CHLORIDE,0.0
Nye,32023,BERYLLIUM COMPOUNDS,0.0
Nye,32023,BIS(2-ETHYLHEXYL)PHTHALATE (DEHP),7.221749039e-06
Nye,32023,BROMOFORM,0.0
Nye,32023,CADMIUM COMPOUNDS,0.0
Nye,32023,CARBON TETRACHLORIDE,0.0
Nye,32023,CHLOROPRENE,0.0
Nye,32023,CHROMIUM VI (HEXAVALENT),0.0
Nye,32023,EPICHLOROHYDRIN,0.0
Nye,32023,ETHYLBENZENE,0.0008214810302839999
Nye,32023,ETHYLENE DIBROMIDE (DIBROMOETHANE),0.0
Nye,32023,"ETHYLENE DICHLORIDE (1,2-DICHLOROETHANE)",0.0
Nye,32023,ETHYLENE OXIDE,0.0
Nye,32023,"ETHYLIDENE DICHLORIDE (1,1-DICHLOROETHANE)",0.0
Nye,32023,FORMALDEHYDE,1.1585517093e-05
Nye,32023,HEXACHLOROBENZENE,0.0
Nye,32023,HEXACHLOROBUTADIENE,0.0
Nye,32023,METHYL TERT-BUTYL ETHER,0.0
Nye,32023,METHYLENE CHLORIDE,0.001646233590063
Nye,32023,NAPHTHALENE,0.029364584851490003
Nye,32023,NICKEL COMPOUNDS,0.0
Nye,32023,NITROBENZENE,0.0
Nye,32023,O-TOLUIDINE,0.0
Nye,32023,PAHPOM,1.7778252855999998e-05
Nye,32023,PROPYLENE OXIDE,5.77631e-10
Nye,32023,TETRACHLOROETHYLENE,0.002771561996451
Nye,32023,TRICHLOROETHYLENE,0.0036147130352050002
Nye,32023,VINYL CHLORIDE,0.0
Pershing,32027,"1,1,2-TRICHLOROETHANE",0.0
Pershing,32027,"1,3-BUTADIENE",0.0
Pershing,32027,"1,4-DICHLOROBENZENE",0.0
Pershing,32027,"1,4-DIOXANE",2.7685200249999995e-06
Pershing,32027,"2,4,6-TRICHLOROPHENOL",0.0
Pershing,32027,"2,4-DINITROTOLUENE",0.0
Pershing,32027,"2,4-TOLUENE DIISOCYANATE",4.219090205e-06
Pershing,32027,2-NITROPROPANE,0.0
Pershing,32027,ACETALDEHYDE,1.283666157e-06
Pershing,32027,ACETAMIDE,0.0
Pershing,32027,ACRYLONITRILE,0.0
Pershing,32027,ALLYL CHLORIDE,0.0
Pershing,32027,ARSENIC COMPOUNDS(INORGANIC INCLUDING ARSINE),0.0
Pershing,32027,BENZENE,0.000817497136981
Pershing,32027,BENZYL CHLORIDE,0.0
Pershing,32027,BERYLLIUM COMPOUNDS,0.0
Pershing,32027,BIS(2-ETHYLHEXYL)PHTHALATE (DEHP),1.45852835e-06
Pershing,32027,BROMOFORM,0.0
Pershing,32027,CADMIUM COMPOUNDS,0.0
Pershing,32027,CARBON TETRACHLORIDE,0.0
Pershing,32027,CHLOROPRENE,0.0
Pershing,32027,CHROMIUM VI (HEXAVALENT),0.0
Pershing,32027,EPICHLOROHYDRIN,0.0
Pershing,32027,ETHYLBENZENE,0.00021879845426800004
Pershing,32027,ETHYLENE DIBROMIDE (DIBROMOETHANE),0.0
Pershing,32027,"ETHYLENE DICHLORIDE (1,2-DICHLOROETHANE)",0.0
Pershing,32027,ETHYLENE OXIDE,0.0
Pershing,32027,FORMALDEHYDE,2.219512477e-06
Pershing,32027,HEXACHLOROBENZENE,0.0
Pershing,32027,HEXACHLOROBUTADIENE,0.0
Pershing,32027,METHYL TERT-BUTYL ETHER,0.0
Pershing,32027,METHYLENE CHLORIDE,0.000657055754872
Pershing,32027,NAPHTHALENE,0.020302735544786
Pershing,32027,NICKEL COMPOUNDS,0.0
Pershing,32027,NITROBENZENE,0.0
Pershing,32027,O-TOLUIDINE,0.0
Pershing,32027,PAHPOM,1.877030419e-06
Pershing,32027,POLYCHLORINATED BIPHENYLS (AROCLORS),0.0
Pershing,32027,PROPYLENE OXIDE,0.0
Pershing,32027,TETRACHLOROETHYLENE,0.002345036152573
Pershing,32027,TRICHLOROETHYLENE,0.001083020097682
Pershing,32027,VINYL CHLORIDE,0.0
Storey,32029,"1,1,2-TRICHLOROETHANE",0.0
Storey,32029,"1,3-BUTADIENE",0.0
Storey,32029,"1,3-DICHLOROPROPENE",0.000381395060828
Storey,32029,"1,4-DICHLOROBENZENE",0.011208940660676002
Storey,32029,"1,4-DIOXANE",5.548182829e-05
Storey,32029,"2,4,6-TRICHLOROPHENOL",0.0
Storey,32029,"2,4-DINITROTOLUENE",0.0
Storey,32029,"2,4-TOLUENE DIISOCYANATE",4.885504622899999e-05
Storey,32029,2-NITROPROPANE,0.0
Storey,32029,ACETALDEHYDE,3.7500367126e-05
Storey,32029,ACETAMIDE,0.0
Storey,32029,ACRYLONITRILE,0.0
Storey,32029,ALLYL CHLORIDE,0.0
Storey,32029,ARSENIC COMPOUNDS(INORGANIC INCLUDING ARSINE),0.0
Storey,32029,BENZENE,0.0023450879385409997
Storey,32029,BENZYL CHLORIDE,0.0
Storey,32029,BERYLLIUM COMPOUNDS,0.0
Storey,32029,BIS(2-ETHYLHEXYL)PHTHALATE (DEHP),2.9279393618e-05
Storey,32029,CADMIUM COMPOUNDS,0.0
Storey,32029,CARBON TETRACHLORIDE,0.0
Storey,32029,CHLOROPRENE,0.0
Storey,32029,CHROMIUM VI (HEXAVALENT),0.0
Storey,32029,EPICHLOROHYDRIN,0.0
Storey,32029,ETHYLBENZENE,0.006363320784550001
Storey,32029,"ETHYLENE DICHLORIDE (1,2-DICHLOROETHANE)",0.0
Storey,32029,ETHYLENE OXIDE,0.0
Storey,32029,"ETHYLIDENE DICHLORIDE (1,1-DICHLOROETHANE)",0.0
Storey,32029,FORMALDEHYDE,4.1965546363000004e-05
Storey,32029,HEXACHLOROBENZENE,0.0
Storey,32029,HEXACHLOROBUTADIENE,0.0
Storey,32029,METHYL TERT-BUTYL ETHER,0.0
Storey,32029,METHYLENE CHLORIDE,0.001895701196684
Storey,32029,NAPHTHALENE,0.119562362433108
Storey,32029,NICKEL COMPOUNDS,0.0
Storey,32029,NITROBENZENE,0.0
Storey,32029,O-TOLUIDINE,0.0
Storey,32029,PAHPOM,3.1609539245e-05
Storey,32029,PENTACHLOROPHENOL,0.0
Storey,32029,POLYCHLORINATED BIPHENYLS (AROCLORS),0.0
Storey,32029,PROPYLENE OXIDE,4.5636717999999996e-08
Storey,32029,TETRACHLOROETHYLENE,0.0030479944880429997
Storey,32029,TRICHLOROETHYLENE,0.0049048376349940005
Storey,32029,VINYL CHLORIDE,0.0
Washoe,32031,"1,1,2-TRICHLOROETHANE",0.0
Washoe,32031,"1,3-BUTADIENE",0.0
Washoe,32031,"1,3-DICHLOROPROPENE",0.002405395202152
Washoe,32031,"1,4-DICHLOROBENZENE",0.012347899677693997
Washoe,32031,"1,4-DIOXANE",8.1684161013e-05
Washoe,32031,"2,4,6-TRICHLOROPHENOL",0.0
Washoe,32031,"2,4-DINITROTOLUENE",0.0
Washoe,32031,"2,4-TOLUENE DIISOCYANATE",0.00010752119150700003
Washoe,32031,2-NITROPROPANE,0.0
Washoe,32031,ACETALDEHYDE,7.448551923800001e-05
Washoe,32031,ACETAMIDE,0.0
Washoe,32031,ACRYLONITRILE,0.0
Washoe,32031,ALLYL CHLORIDE,0.0
Washoe,32031,ARSENIC COMPOUNDS(INORGANIC INCLUDING ARSINE),0.0
Washoe,32031,BENZENE,0.003248413641745
Washoe,32031,BENZYL CHLORIDE,0.0
Washoe,32031,BERYLLIUM COMPOUNDS,0.0
Washoe,32031,BIS(2-ETHYLHEXYL)PHTHALATE (DEHP),4.3500842525999996e-05
Washoe,32031,BROMOFORM,0.0
Washoe,32031,CADMIUM COMPOUNDS,0.0
Washoe,32031,CARBON TETRACHLORIDE,0.0
Washoe,32031,CHLOROPRENE,0.0
Washoe,32031,CHROMIUM VI (HEXAVALENT),0.0
Washoe,32031,EPICHLOROHYDRIN,0.0
Washoe,32031,ETHYLBENZENE,0.016012700583725
Washoe,32031,ETHYLENE DIBROMIDE (DIBROMOETHANE),0.0
Washoe,32031,"ETHYLENE DICHLORIDE (1,2-DICHLOROETHANE)",0.0
Washoe,32031,ETHYLENE OXIDE,0.0
Washoe,32031,"ETHYLIDENE DICHLORIDE (1,1-DICHLOROETHANE)",0.0
Washoe,32031,FORMALDEHYDE,7.8364306103e-05
Washoe,32031,HEXACHLOROBENZENE,0.0
Washoe,32031,HEXACHLOROBUTADIENE,0.0
Washoe,32031,METHYL TERT-BUTYL ETHER,0.0
Washoe,32031,METHYLENE CHLORIDE,0.0018146956719140002
Washoe,32031,NAPHTHALENE,0.232846012986414
Washoe,32031,NICKEL COMPOUNDS,0.0
Washoe,32031,NITROBENZENE,0.0
Washoe,32031,O-TOLUIDINE,0.0
Washoe,32031,PAHPOM,1.2670285900000001e-05
Washoe,32031,PENTACHLOROPHENOL,0.0
Washoe,32031,POLYCHLORINATED BIPHENYLS (AROCLORS),0.0
Washoe,32031,PROPYLENE OXIDE,7.078537400000001e-08
Washoe,32031,TETRACHLOROETHYLENE,0.004381380283319999
Washoe,32031,TRICHLOROETHYLENE,0.002316166362801
Washoe,32031,VINYL CHLORIDE,0.0
White Pine,32033,"1,1,2-TRICHLOROETHANE",0.0
White Pine,32033,"1,3-BUTADIENE",0.0
White Pine,32033,"1,3-DICHLOROPROPENE",0.0
White Pine,32033,"1,4-DICHLOROBENZENE",0.0
White Pine,32033,"1,4-DIOXANE",1.2880463490000003e-06
White Pine,32033,"2,4,6-TRICHLOROPHENOL",0.0
White Pine,32033,"2,4-DINITROTOLUENE",0.0
White Pine,32033,"2,4-TOLUENE DIISOCYANATE",2.5959204980000005e-06
White Pine,32033,2-NITROPROPANE,0.0
White Pine,32033,ACETALDEHYDE,1.127334655e-06
White Pine,32033,ACETAMIDE,0.0
White Pine,32033,ACRYLONITRILE,0.0
White Pine,32033,ALLYL CHLORIDE,0.0
White Pine,32033,ARSENIC COMPOUNDS(INORGANIC INCLUDING ARSINE),0.0
White Pine,32033,BENZENE,0.0005682759282560001
White Pine,32033,BENZYL CHLORIDE,0.0
White Pine,32033,BERYLLIUM COMPOUNDS,0.0
White Pine,32033,BIS(2-ETHYLHEXYL)PHTHALATE (DEHP),6.78613679e-07
White Pine,32033,CADMIUM COMPOUNDS,0.0
White Pine,32033,CARBON TETRACHLORIDE,0.0
White Pine,32033,CHLOROPRENE,0.0
White Pine,32033,CHROMIUM VI (HEXAVALENT),0.0
White Pine,32033,EPICHLOROHYDRIN,0.0
White Pine,32033,ETHYLBENZENE,8.486068846600001e-05
White Pine,32033,ETHYLENE DIBROMIDE (DIBROMOETHANE),0.0
White Pine,32033,"ETHYLENE DICHLORIDE (1,2-DICHLOROETHANE)",0.0
White Pine,32033,ETHYLENE OXIDE,0.0
White Pine,32033,"ETHYLIDENE DICHLORIDE (1,1-DICHLOROETHANE)",0.0
White Pine,32033,FORMALDEHYDE,1.44439976e-06
White Pine,32033,HEXACHLOROBENZENE,0.0
White Pine,32033,HEXACHLOROBUTADIENE,0.0
White Pine,32033,METHYL TERT-BUTYL ETHER,0.0
White Pine,32033,METHYLENE CHLORIDE,0.001542197488007
White Pine,32033,NAPHTHALENE,0.005883945256303
White Pine,32033,NICKEL COMPOUNDS,0.0
White Pine,32033,NITROBENZENE,0.0
White Pine,32033,O-TOLUIDINE,0.0
White Pine,32033,PAHPOM,1.0128768725999999e-05
White Pine,32033,PENTACHLOROPHENOL,0.0
White Pine,32033,PROPYLENE OXIDE,0.0
White Pine,32033,TETRACHLOROETHYLENE,0.002310547953007
White Pine,32033,TRICHLOROETHYLENE,0.001457721856849
White Pine,32033,VINYL CHLORIDE,0.0
