state,id,pollutant,val
AK,2,"1,1,2-TRICHLOROETHANE",0.0
AK,2,"1,3-BUTADIENE",0.0010744531111191026
AK,2,"1,3-DICHLOROPROPENE",0.0
AK,2,"1,4-DICHLOROBENZENE",0.0
AK,2,"2,4,6-TRICHLOROPHENOL",0.0
AK,2,"2,4-DINITROTOLUENE",0.0
AK,2,ACETALDEHYDE,0.0009529247069267688
AK,2,ACRYLONITRILE,0.0
AK,2,ARSENIC COMPOUNDS(INORGANIC INCLUDING ARSINE),9.232786572107692e-05
AK,2,BENZENE,0.0007422543742370769
AK,2,BENZYL CHLORIDE,0.0
AK,2,BERYLLIUM COMPOUNDS,0.0
AK,2,BIS(2-ETHYLHEXYL)PHTHALATE (DEHP),0.0
AK,2,BROMOFORM,0.0
AK,2,CADMIUM COMPOUNDS,0.0
AK,2,CARBON TETRACHLORIDE,0.0
AK,2,CHROMIUM VI (HEXAVALENT),1.8511543491025637e-06
AK,2,ETHYLBENZENE,8.130096247756412e-05
AK,2,ETHYLENE DIBROMIDE (DIBROMOETHANE),0.0
AK,2,"ETHYLENE DICHLORIDE (1,2-DICHLOROETHANE)",0.0
AK,2,"ETHYLIDENE DICHLORIDE (1,1-DICHLOROETHANE)",0.0
AK,2,FORMALDEHYDE,0.012510892814813638
AK,2,HEXACHLOROBENZENE,0.0
AK,2,METHYL TERT-BUTYL ETHER,0.0
AK,2,METHYLENE CHLORIDE,0.0
AK,2,NAPHTHALENE,0.0037410085189534883
AK,2,NICKEL COMPOUNDS,4.809966297148718e-05
AK,2,PAHPOM,0.0009352452236739234
AK,2,POLYCHLORINATED BIPHENYLS (AROCLORS),0.0
AK,2,TETRACHLOROETHYLENE,0.0
AK,2,TRICHLOROETHYLENE,0.0
AK,2,VINYL CHLORIDE,0.0
AL,1,"1,1,2-TRICHLOROETHANE",0.0
AL,1,"1,2-DIBROMO-3-CHLOROPROPANE",0.0
AL,1,"1,3-BUTADIENE",0.0018188461101318952
AL,1,"1,3-DICHLOROPROPENE",0.0
AL,1,"1,4-DICHLOROBENZENE",0.0
AL,1,"1,4-DIOXANE",0.0
AL,1,"2,4,6-TRICHLOROPHENOL",0.0
AL,1,"2,4-DINITROTOLUENE",0.0
AL,1,"2,4-TOLUENE DIISOCYANATE",0.0
AL,1,2-NITROPROPANE,0.0
AL,1,ACETALDEHYDE,0.0017018169571917758
AL,1,ACETAMIDE,0.0
AL,1,ACRYLAMIDE,0.0
AL,1,ACRYLONITRILE,0.0
AL,1,ALLYL CHLORIDE,0.0
AL,1,ANILINE,0.0
AL,1,ARSENIC COMPOUNDS(INORGANIC INCLUDING ARSINE),0.000733909832051552
AL,1,BENZENE,0.00396619900904594
AL,1,BENZYL CHLORIDE,0.0
AL,1,BERYLLIUM COMPOUNDS,0.0
AL,1,BIS(2-ETHYLHEXYL)PHTHALATE (DEHP),0.0
AL,1,BROMOFORM,0.0
AL,1,CADMIUM COMPOUNDS,0.0
AL,1,CARBON TETRACHLORIDE,0.0
AL,1,CHLOROPRENE,0.0
AL,1,CHROMIUM VI (HEXAVALENT),3.202553268011941e-05
AL,1,COKE OVEN EMISSIONS,0.0
AL,1,EPICHLOROHYDRIN,0.0
AL,1,ETHYLBENZENE,0.00020486047454874623
AL,1,ETHYLENE DIBROMIDE (DIBROMOETHANE),0.0
AL,1,"ETHYLENE DICHLORIDE (1,2-DICHLOROETHANE)",0.0
AL,1,ETHYLENE OXIDE,0.0
AL,1,"ETHYLIDENE DICHLORIDE (1,1-DICHLOROETHANE)",0.0
AL,1,FORMALDEHYDE,0.019361874100543616
AL,1,HEXACHLOROBENZENE,0.0
AL,1,HEXACHLOROBUTADIENE,0.0
AL,1,METHYL TERT-BUTYL ETHER,0.0
AL,1,METHYLENE CHLORIDE,0.0
AL,1,NAPHTHALENE,0.009508885932091926
AL,1,NICKEL COMPOUNDS,0.0009953333635571342
AL,1,NITROBENZENE,0.0
AL,1,O-TOLUIDINE,0.0
AL,1,PAHPOM,0.0005095904452941793
AL,1,PENTACHLOROPHENOL,0.0
AL,1,POLYCHLORINATED BIPHENYLS (AROCLORS),0.0
AL,1,PROPYLENE OXIDE,0.0
AL,1,TETRACHLOROETHYLENE,0.0
AL,1,TRICHLOROETHYLENE,0.0
AL,1,VINYL CHLORIDE,0.0
AR,5,"1,1,2-TRICHLOROETHANE",0.0
AR,5,"1,2,3,4,5,6-HEXACHLOROCYCLYHEXANE",0.0
AR,5,"1,2-DIBROMO-3-CHLOROPROPANE",0.0
AR,5,"1,3-BUTADIENE",0.0011820117116545599
AR,5,"1,3-DICHLOROPROPENE",0.0
AR,5,"1,4-DICHLOROBENZENE",0.0
AR,5,"1,4-DIOXANE",0.0
AR,5,"2,4,6-TRICHLOROPHENOL",0.0
AR,5,"2,4-DINITROTOLUENE",0.0
AR,5,"2,4-TOLUENE DIAMINE",0.0
AR,5,"2,4-TOLUENE DIISOCYANATE",0.0
AR,5,2-NITROPROPANE,0.0
AR,5,"4,4'-METHYLENEDIANILINE",0.0
AR,5,ACETALDEHYDE,0.0010951337241708534
AR,5,ACETAMIDE,0.0
AR,5,ACRYLAMIDE,0.0
AR,5,ACRYLONITRILE,0.0
AR,5,ALLYL CHLORIDE,0.0
AR,5,ANILINE,0.0
AR,5,ARSENIC COMPOUNDS(INORGANIC INCLUDING ARSINE),0.0008149053142384534
AR,5,BENZENE,0.0038885798852375465
AR,5,BENZIDINE,0.0
AR,5,BENZYL CHLORIDE,0.0
AR,5,BERYLLIUM COMPOUNDS,0.0
AR,5,BIS(2-ETHYLHEXYL)PHTHALATE (DEHP),0.0
AR,5,BROMOFORM,0.0
AR,5,CADMIUM COMPOUNDS,0.0
AR,5,CARBON TETRACHLORIDE,0.0
AR,5,CHLORDANE,0.0
AR,5,CHLOROPRENE,0.0
AR,5,CHROMIUM VI (HEXAVALENT),0.00018928865058792
AR,5,EPICHLOROHYDRIN,0.0
AR,5,ETHYL CARBAMATE (URETHANE) CHLORIDE (CHLOROETHANE),0.0
AR,5,ETHYLBENZENE,0.0001460704472073333
AR,5,ETHYLENE DIBROMIDE (DIBROMOETHANE),0.0
AR,5,"ETHYLENE DICHLORIDE (1,2-DICHLOROETHANE)",0.0
AR,5,ETHYLENE OXIDE,0.0
AR,5,"ETHYLIDENE DICHLORIDE (1,1-DICHLOROETHANE)",0.0
AR,5,FORMALDEHYDE,0.012823525697028222
AR,5,HEXACHLOROBENZENE,0.0
AR,5,HEXACHLOROBUTADIENE,0.0
AR,5,HYDRAZINE,0.0
AR,5,METHYL TERT-BUTYL ETHER,0.0
AR,5,METHYLENE CHLORIDE,0.0
AR,5,NAPHTHALENE,0.006447044135829866
AR,5,NICKEL COMPOUNDS,0.0007705040913556932
AR,5,NITROBENZENE,0.0
AR,5,O-TOLUIDINE,0.0
AR,5,PAHPOM,0.00037549631096121333
AR,5,PENTACHLOROPHENOL,0.0
AR,5,POLYCHLORINATED BIPHENYLS (AROCLORS),0.0
AR,5,PROPYLENE OXIDE,0.0
AR,5,TETRACHLOROETHYLENE,0.0
AR,5,TRICHLOROETHYLENE,0.0
AR,5,VINYL CHLORIDE,0.0
AZ,4,"1,1,2-TRICHLOROETHANE",0.0
AZ,4,"1,2-DIBROMO-3-CHLOROPROPANE",0.0
AZ,4,"1,3-BUTADIENE",0.0022707908930789333
AZ,4,"1,3-DICHLOROPROPENE",0.0
AZ,4,"1,4-DICHLOROBENZENE",0.0
AZ,4,"1,4-DIOXANE",0.0
AZ,4,"2,4,6-TRICHLOROPHENOL",0.0
AZ,4,"2,4-DINITROTOLUENE",0.0
AZ,4,"2,4-TOLUENE DIISOCYANATE",0.0
AZ,4,2-NITROPROPANE,0.0
AZ,4,ACETALDEHYDE,0.0022476923922698662
AZ,4,ACETAMIDE,0.0
AZ,4,ACRYLAMIDE,0.0
AZ,4,ACRYLONITRILE,0.0
AZ,4,ALLYL CHLORIDE,0.0
AZ,4,ARSENIC COMPOUNDS(INORGANIC INCLUDING ARSINE),0.0011934821954354663
AZ,4,BENZENE,0.003551255254829933
AZ,4,BENZYL CHLORIDE,0.0
AZ,4,BERYLLIUM COMPOUNDS,0.0
AZ,4,BIS(2-ETHYLHEXYL)PHTHALATE (DEHP),0.0
AZ,4,BROMOFORM,0.0
AZ,4,CADMIUM COMPOUNDS,0.0
AZ,4,CARBON TETRACHLORIDE,0.0
AZ,4,CHLOROPRENE,0.0
AZ,4,CHROMIUM VI (HEXAVALENT),0.00011725827031166664
AZ,4,EPICHLOROHYDRIN,0.0
AZ,4,ETHYLBENZENE,0.00021686219835093332
AZ,4,ETHYLENE DIBROMIDE (DIBROMOETHANE),0.0
AZ,4,"ETHYLENE DICHLORIDE (1,2-DICHLOROETHANE)",0.0
AZ,4,ETHYLENE OXIDE,0.0
AZ,4,"ETHYLIDENE DICHLORIDE (1,1-DICHLOROETHANE)",0.0
AZ,4,FORMALDEHYDE,0.028945030211021665
AZ,4,HEXACHLOROBENZENE,0.0
AZ,4,HEXACHLOROBUTADIENE,0.0
AZ,4,METHYL TERT-BUTYL ETHER,0.0
AZ,4,METHYLENE CHLORIDE,0.0
AZ,4,N-NITROSODIMETHYLAMINE,0.0
AZ,4,NAPHTHALENE,0.010076804829509001
AZ,4,NICKEL COMPOUNDS,0.0009249929993920666
AZ,4,NITROBENZENE,0.0
AZ,4,O-TOLUIDINE,0.0
AZ,4,PAHPOM,0.0005375547427742668
AZ,4,PENTACHLOROPHENOL,0.0
AZ,4,POLYCHLORINATED BIPHENYLS (AROCLORS),0.0
AZ,4,PROPYLENE OXIDE,0.0
AZ,4,TETRACHLOROETHYLENE,0.0
AZ,4,TRICHLOROETHYLENE,0.0
AZ,4,VINYL CHLORIDE,0.0
CA,6,"1,4-DIOXANE",0.0
CA,6,DICHLOROETHYL ETHER (BIS[2-CHLOROETHYL]ETHER),0.0
CA,6,EPICHLOROHYDRIN,0.0
CA,6,ETHYLBENZENE,0.00024314546455273336
CA,6,ETHYLENE DIBROMIDE (DIBROMOETHANE),0.0
CA,6,"ETHYLENE DICHLORIDE (1,2-DICHLOROETHANE)",0.0
CA,6,ETHYLENE OXIDE,0.0
CA,6,"ETHYLIDENE DICHLORIDE (1,1-DICHLOROETHANE)",0.0
CA,6,FORMALDEHYDE,0.02637327330387008
CA,6,HEXACHLOROBENZENE,0.0
CA,6,HEXACHLOROBUTADIENE,0.0
CA,6,HYDRAZINE,0.0
CA,6,METHYL TERT-BUTYL ETHER,0.0
CA,6,METHYLENE CHLORIDE,0.0
CA,6,N-NITROSODIMETHYLAMINE,0.0
CA,6,NAPHTHALENE,0.011064538295791453
CA,6,NICKEL COMPOUNDS,0.0033018656328578006
CA,6,NITROBENZENE,0.0
CA,6,O-TOLUIDINE,0.0
CA,6,PAHPOM,0.0019383708625418663
CA,6,PENTACHLOROPHENOL,0.0
CA,6,POLYCHLORINATED BIPHENYLS (AROCLORS),0.0
CA,6,PROPYLENE OXIDE,0.0
CA,6,TETRACHLOROETHYLENE,0.0
CA,6,TOXAPHENE (CHLORINATED CAMPHENE),0.0
CA,6,TRICHLOROETHYLENE,0.0
CA,6,VINYL CHLORIDE,0.0
CO,8,"1,1,2-TRICHLOROETHANE",0.0
CO,8,"1,2,3,4,5,6-HEXACHLOROCYCLYHEXANE",0.0
CO,8,"1,3-BUTADIENE",0.0020417231113377407
CO,8,"1,3-DICHLOROPROPENE",0.0
CO,8,"1,4-DICHLOROBENZENE",0.0
CO,8,"1,4-DIOXANE",0.0
CO,8,"2,4,6-TRICHLOROPHENOL",0.0
CO,8,"2,4-DINITROTOLUENE",0.0
CO,8,"2,4-TOLUENE DIISOCYANATE",0.0
CO,8,2-NITROPROPANE,0.0
CO,8,ACETALDEHYDE,0.0018069460901576884
CO,8,ACETAMIDE,0.0
CO,8,ACRYLONITRILE,0.0
CO,8,ALLYL CHLORIDE,0.0
CO,8,ANILINE,0.0
CO,8,ARSENIC COMPOUNDS(INORGANIC INCLUDING ARSINE),0.0016614778227717533
CO,8,BENZENE,0.0037333269336592327
CO,8,BENZYL CHLORIDE,0.0
CO,8,BERYLLIUM COMPOUNDS,0.0
CO,8,BIS(2-ETHYLHEXYL)PHTHALATE (DEHP),0.0
CO,8,BROMOFORM,0.0
CO,8,CADMIUM COMPOUNDS,0.0
CO,8,CARBON TETRACHLORIDE,0.0
CO,8,CHLORDANE,0.0
CO,8,CHLOROPRENE,0.0
CO,8,CHROMIUM VI (HEXAVALENT),0.00042936182206877927
CO,8,EPICHLOROHYDRIN,0.0
CO,8,ETHYL CARBAMATE (URETHANE) CHLORIDE (CHLOROETHANE),0.0
CO,8,ETHYLBENZENE,0.00020137624828836357
CO,8,ETHYLENE DIBROMIDE (DIBROMOETHANE),0.0
CO,8,"ETHYLENE DICHLORIDE (1,2-DICHLOROETHANE)",0.0
CO,8,ETHYLENE OXIDE,0.0
CO,8,"ETHYLIDENE DICHLORIDE (1,1-DICHLOROETHANE)",0.0
CO,8,FORMALDEHYDE,0.021832995293735755
CO,8,HEPTACHLOR,0.0
CO,8,HEXACHLOROBENZENE,0.0
CO,8,HEXACHLOROBUTADIENE,0.0
CO,8,HYDRAZINE,0.0
CO,8,METHYL TERT-BUTYL ETHER,0.0
CO,8,METHYLENE CHLORIDE,0.0
CO,8,NAPHTHALENE,0.008903975332170208
CO,8,NICKEL COMPOUNDS,0.0021005118061058056
CO,8,NITROBENZENE,0.0
CO,8,O-TOLUIDINE,0.0
CO,8,PAHPOM,0.00047662787089422076
CO,8,PENTACHLOROPHENOL,0.0
CO,8,POLYCHLORINATED BIPHENYLS (AROCLORS),0.0
CO,8,PROPYLENE OXIDE,0.0
CO,8,TETRACHLOROETHYLENE,0.0
CO,8,TOXAPHENE (CHLORINATED CAMPHENE),0.0
CO,8,TRICHLOROETHYLENE,0.0
CO,8,VINYL CHLORIDE,0.0
CT,9,"1,1,2-TRICHLOROETHANE",0.0
CT,9,"1,3-BUTADIENE",0.0028815544273886246
CT,9,"1,3-DICHLOROPROPENE",0.0
CT,9,"1,4-DICHLOROBENZENE",0.0
CT,9,"1,4-DIOXANE",0.0
CT,9,"2,4,6-TRICHLOROPHENOL",0.0
CT,9,"2,4-DINITROTOLUENE",0.0
CT,9,"2,4-TOLUENE DIISOCYANATE",0.0
CT,9,2-NITROPROPANE,0.0
CT,9,"4,4'-METHYLENE BIS(2-CHLOROANILINE)",0.0
CT,9,"4,4'-METHYLENEDIANILINE",0.0
CT,9,ACETALDEHYDE,0.0028139413709343747
CT,9,ACETAMIDE,0.0
CT,9,ACRYLAMIDE,0.0
CT,9,ACRYLONITRILE,0.0
CT,9,ALLYL CHLORIDE,0.0
CT,9,ANILINE,0.0
CT,9,ARSENIC COMPOUNDS(INORGANIC INCLUDING ARSINE),0.000704364736243375
CT,9,BENZENE,0.004902995594184375
CT,9,BENZYL CHLORIDE,0.0
CT,9,BERYLLIUM COMPOUNDS,0.0
CT,9,BIS(2-ETHYLHEXYL)PHTHALATE (DEHP),0.0
CT,9,BROMOFORM,0.0
CT,9,CADMIUM COMPOUNDS,0.0
CT,9,CARBON TETRACHLORIDE,0.0
CT,9,CHLOROPRENE,0.0
CT,9,CHROMIUM VI (HEXAVALENT),2.2492563223499998e-05
CT,9,EPICHLOROHYDRIN,0.0
CT,9,ETHYLBENZENE,0.000292137208275
CT,9,ETHYLENE DIBROMIDE (DIBROMOETHANE),0.0
CT,9,"ETHYLENE DICHLORIDE (1,2-DICHLOROETHANE)",0.0
CT,9,ETHYLENE OXIDE,0.0
CT,9,"ETHYLIDENE DICHLORIDE (1,1-DICHLOROETHANE)",0.0
CT,9,FORMALDEHYDE,0.029432310140825372
CT,9,HEXACHLOROBENZENE,0.0
CT,9,HEXACHLOROBUTADIENE,0.0
CT,9,HYDRAZINE,0.0
CT,9,METHYL TERT-BUTYL ETHER,0.0
CT,9,METHYLENE CHLORIDE,0.0
CT,9,NAPHTHALENE,0.014590191237873501
CT,9,NICKEL COMPOUNDS,0.000453369664311625
CT,9,NITROBENZENE,0.0
CT,9,O-TOLUIDINE,0.0
CT,9,PAHPOM,0.00052043070597425
CT,9,PENTACHLOROPHENOL,0.0
CT,9,POLYCHLORINATED BIPHENYLS (AROCLORS),0.0
CT,9,PROPYLENE OXIDE,0.0
CT,9,TETRACHLOROETHYLENE,0.0
CT,9,TRICHLOROETHYLENE,0.0
CT,9,VINYL CHLORIDE,0.0
DC,11,"1,1,2-TRICHLOROETHANE",0.0
DC,11,"1,3-BUTADIENE",0.011596782534063998
DC,11,"1,3-DICHLOROPROPENE",0.0
DC,11,"1,4-DICHLOROBENZENE",0.0
DC,11,"1,4-DIOXANE",0.0
DC,11,"2,4,6-TRICHLOROPHENOL",0.0
DC,11,"2,4-DINITROTOLUENE",0.0
DC,11,"2,4-TOLUENE DIISOCYANATE",0.0
DC,11,2-NITROPROPANE,0.0
DC,11,ACETALDEHYDE,0.010854872939668003
DC,11,ACETAMIDE,0.0
DC,11,ACRYLAMIDE,0.0
DC,11,ACRYLONITRILE,0.0
DC,11,ALLYL CHLORIDE,0.0
DC,11,ARSENIC COMPOUNDS(INORGANIC INCLUDING ARSINE),0.0019910283926800002
DC,11,BENZENE,0.013661790301026001
DC,11,BENZYL CHLORIDE,0.0
DC,11,BERYLLIUM COMPOUNDS,0.0
DC,11,BIS(2-ETHYLHEXYL)PHTHALATE (DEHP),0.0
DC,11,BROMOFORM,0.0
DC,11,CADMIUM COMPOUNDS,0.0
DC,11,CARBON TETRACHLORIDE,0.0
DC,11,CHLOROPRENE,0.0
DC,11,CHROMIUM VI (HEXAVALENT),4.4722256044e-05
DC,11,EPICHLOROHYDRIN,0.0
DC,11,ETHYLBENZENE,0.0010493365142519998
DC,11,ETHYLENE DIBROMIDE (DIBROMOETHANE),0.0
DC,11,"ETHYLENE DICHLORIDE (1,2-DICHLOROETHANE)",0.0
DC,11,ETHYLENE OXIDE,0.0
DC,11,"ETHYLIDENE DICHLORIDE (1,1-DICHLOROETHANE)",0.0
DC,11,FORMALDEHYDE,0.12630263504453199
DC,11,HEPTACHLOR,0.0
DC,11,HEXACHLOROBENZENE,0.0
DC,11,HEXACHLOROBUTADIENE,0.0
DC,11,METHYL TERT-BUTYL ETHER,0.0
DC,11,METHYLENE CHLORIDE,0.0
DC,11,NAPHTHALENE,0.051598191085884
DC,11,NICKEL COMPOUNDS,0.001026478173268
DC,11,NITROBENZENE,0.0
DC,11,O-TOLUIDINE,0.0
DC,11,PAHPOM,0.00188052779317
DC,11,PENTACHLOROPHENOL,0.0
DC,11,POLYCHLORINATED BIPHENYLS (AROCLORS),0.0
DC,11,PROPYLENE OXIDE,0.0
DC,11,TETRACHLOROETHYLENE,0.0
DC,11,TRICHLOROETHYLENE,0.0
DC,11,VINYL CHLORIDE,0.0
DE,10,"1,1,2-TRICHLOROETHANE",0.0
DE,10,"1,3-BUTADIENE",0.0024789290535106663
DE,10,"1,3-DICHLOROPROPENE",0.0
DE,10,"1,3-PROPANE SULTONE",0.0
DE,10,"1,4-DICHLOROBENZENE",0.0
DE,10,"1,4-DIOXANE",0.0
DE,10,"2,4,6-TRICHLOROPHENOL",0.0
DE,10,"2,4-DINITROTOLUENE",0.0
DE,10,"2,4-TOLUENE DIISOCYANATE",0.0
DE,10,2-NITROPROPANE,0.0
DE,10,"3,3'-DICHLOROBENZIDINE",0.0
DE,10,"4,4'-METHYLENE BIS(2-CHLOROANILINE)",0.0
DE,10,"4,4'-METHYLENEDIANILINE",0.0
DE,10,ACETALDEHYDE,0.002460593626224667
DE,10,ACETAMIDE,0.0
DE,10,ACRYLAMIDE,0.0
DE,10,ACRYLONITRILE,0.0
DE,10,ALLYL CHLORIDE,0.0
DE,10,ANILINE,0.0
DE,10,ARSENIC COMPOUNDS(INORGANIC INCLUDING ARSINE),0.001060008507526
DE,10,BENZENE,0.004555906035959
DE,10,BENZYL CHLORIDE,0.0
DE,10,BERYLLIUM COMPOUNDS,0.0
DE,10,BIS(2-ETHYLHEXYL)PHTHALATE (DEHP),0.0
DE,10,BROMOFORM,0.0
DE,10,CADMIUM COMPOUNDS,0.0
DE,10,CARBON TETRACHLORIDE,0.0
DE,10,CHLOROPRENE,0.0
DE,10,CHROMIUM VI (HEXAVALENT),2.9955320978666667e-05
DE,10,EPICHLOROHYDRIN,0.0
DE,10,ETHYLBENZENE,0.0002626841341543333
DE,10,ETHYLENE DIBROMIDE (DIBROMOETHANE),0.0
DE,10,"ETHYLENE DICHLORIDE (1,2-DICHLOROETHANE)",0.0
DE,10,ETHYLENE OXIDE,0.0
DE,10,ETHYLENE THIOUREA,0.0
DE,10,"ETHYLIDENE DICHLORIDE (1,1-DICHLOROETHANE)",0.0
DE,10,FORMALDEHYDE,0.02678718953585067
DE,10,HEXACHLOROBENZENE,0.0
DE,10,HEXACHLOROBUTADIENE,0.0
DE,10,HYDRAZINE,0.0
DE,10,METHYL TERT-BUTYL ETHER,0.0
DE,10,METHYLENE CHLORIDE,0.0
DE,10,N-NITROSODIMETHYLAMINE,0.0
DE,10,NAPHTHALENE,0.013783451217052331
DE,10,NICKEL COMPOUNDS,0.00021170953721966665
DE,10,NITROBENZENE,0.0
DE,10,O-TOLUIDINE,0.0
DE,10,PAHPOM,0.0005813797543633333
DE,10,PENTACHLOROPHENOL,0.0
DE,10,POLYCHLORINATED BIPHENYLS (AROCLORS),0.0
DE,10,PROPYLENE OXIDE,0.0
DE,10,TETRACHLOROETHYLENE,0.0
DE,10,TRICHLOROETHYLENE,0.0
DE,10,VINYL CHLORIDE,0.0
FL,12,"1,1,2-TRICHLOROETHANE",0.0
FL,12,"1,3-BUTADIENE",0.0026256443245218503
FL,12,"1,3-DICHLOROPROPENE",0.0
FL,12,"1,4-DICHLOROBENZENE",0.0
FL,12,"1,4-DIOXANE",0.0
FL,12,"2,4,6-TRICHLOROPHENOL",0.0
FL,12,"2,4-DINITROTOLUENE",0.0
FL,12,"2,4-TOLUENE DIISOCYANATE",0.0
FL,12,2-NITROPROPANE,0.0
FL,12,ACETALDEHYDE,0.0026281457615589853
FL,12,ACETAMIDE,0.0
FL,12,ACRYLAMIDE,0.0
FL,12,ACRYLONITRILE,0.0
FL,12,ALLYL CHLORIDE,0.0
FL,12,ANILINE,0.0
FL,12,ARSENIC COMPOUNDS(INORGANIC INCLUDING ARSINE),0.0011488452317995224
FL,12,BENZENE,0.0050601728705349696
FL,12,BENZYL CHLORIDE,0.0
FL,12,BERYLLIUM COMPOUNDS,0.0
FL,12,BIS(2-ETHYLHEXYL)PHTHALATE (DEHP),0.0
FL,12,BROMOFORM,0.0
FL,12,CADMIUM COMPOUNDS,0.0
FL,12,CARBON TETRACHLORIDE,0.0
FL,12,CHLOROPRENE,0.0
FL,12,CHROMIUM VI (HEXAVALENT),0.00011956253460925372
FL,12,EPICHLOROHYDRIN,0.0
FL,12,ETHYLBENZENE,0.0002865838822863284
FL,12,ETHYLENE DIBROMIDE (DIBROMOETHANE),0.0
FL,12,"ETHYLENE DICHLORIDE (1,2-DICHLOROETHANE)",0.0
FL,12,ETHYLENE OXIDE,0.0
FL,12,"ETHYLIDENE DICHLORIDE (1,1-DICHLOROETHANE)",0.0
FL,12,FORMALDEHYDE,0.029782478584093313
FL,12,HEXACHLOROBENZENE,0.0
FL,12,HEXACHLOROBUTADIENE,0.0
FL,12,HYDRAZINE,0.0
FL,12,METHYL TERT-BUTYL ETHER,0.0
FL,12,METHYLENE CHLORIDE,0.0
FL,12,NAPHTHALENE,0.014768600879631494
FL,12,NICKEL COMPOUNDS,0.0012466232675690002
FL,12,NITROBENZENE,0.0
FL,12,O-TOLUIDINE,0.0
FL,12,PAHPOM,0.0006834687511293431
FL,12,PENTACHLOROPHENOL,0.0
FL,12,POLYCHLORINATED BIPHENYLS (AROCLORS),0.0
FL,12,PROPYLENE OXIDE,0.0
FL,12,TETRACHLOROETHYLENE,0.0
FL,12,TRICHLOROETHYLENE,0.0
FL,12,VINYL CHLORIDE,0.0
GA,13,"1,1,2-TRICHLOROETHANE",0.0
GA,13,"1,2-DIBROMO-3-CHLOROPROPANE",0.0
GA,13,"1,3-BUTADIENE",0.0018651805411528213
GA,13,"1,3-DICHLOROPROPENE",0.0
GA,13,"1,4-DICHLOROBENZENE",0.0
GA,13,"1,4-DIOXANE",0.0
GA,13,"2,4,6-TRICHLOROPHENOL",0.0
GA,13,"2,4-DINITROTOLUENE",0.0
GA,13,"2,4-TOLUENE DIISOCYANATE",0.0
GA,13,2-NITROPROPANE,0.0
GA,13,ACETALDEHYDE,0.001769849982691802
GA,13,ACETAMIDE,0.0
GA,13,ACRYLAMIDE,0.0
GA,13,ACRYLONITRILE,0.0
GA,13,ALLYL CHLORIDE,0.0
GA,13,ANILINE,0.0
GA,13,ARSENIC COMPOUNDS(INORGANIC INCLUDING ARSINE),0.0013402179294023885
GA,13,BENZENE,0.004274597959432229
GA,13,BENZIDINE,0.0
GA,13,BENZYL CHLORIDE,0.0
GA,13,BERYLLIUM COMPOUNDS,0.0
GA,13,BIS(2-ETHYLHEXYL)PHTHALATE (DEHP),0.0
GA,13,BROMOFORM,0.0
GA,13,CADMIUM COMPOUNDS,0.0
GA,13,CARBON TETRACHLORIDE,0.0
GA,13,CHLOROPRENE,0.0
GA,13,CHROMIUM VI (HEXAVALENT),0.0002586490660971297
GA,13,DICHLOROETHYL ETHER (BIS[2-CHLOROETHYL]ETHER),0.0
GA,13,EPICHLOROHYDRIN,0.0
GA,13,ETHYLBENZENE,0.00021741364335667887
GA,13,ETHYLENE DIBROMIDE (DIBROMOETHANE),0.0
GA,13,"ETHYLENE DICHLORIDE (1,2-DICHLOROETHANE)",0.0
GA,13,ETHYLENE OXIDE,0.0
GA,13,"ETHYLIDENE DICHLORIDE (1,1-DICHLOROETHANE)",0.0
GA,13,FORMALDEHYDE,0.02033693337478269
GA,13,HEXACHLOROBENZENE,0.0
GA,13,HEXACHLOROBUTADIENE,0.0
GA,13,HYDRAZINE,0.0
GA,13,METHYL TERT-BUTYL ETHER,0.0
GA,13,METHYLENE CHLORIDE,0.0
GA,13,N-NITROSODIMETHYLAMINE,0.0
GA,13,NAPHTHALENE,0.009709533137043362
GA,13,NICKEL COMPOUNDS,0.0016099036235940494
GA,13,NITROBENZENE,0.0
GA,13,O-TOLUIDINE,0.0
GA,13,PAHPOM,0.0005589232288315432
GA,13,PENTACHLOROPHENOL,0.0
GA,13,POLYCHLORINATED BIPHENYLS (AROCLORS),0.0
GA,13,PROPYLENE OXIDE,0.0
GA,13,TETRACHLOROETHYLENE,0.0
GA,13,TRICHLOROETHYLENE,0.0
GA,13,VINYL CHLORIDE,0.0
HI,15,"1,1,2-TRICHLOROETHANE",0.0
HI,15,"1,3-BUTADIENE",0.0013992442920161667
HI,15,"1,4-DICHLOROBENZENE",0.0
HI,15,"1,4-DIOXANE",0.0
HI,15,"2,4,6-TRICHLOROPHENOL",0.0
HI,15,"2,4-DINITROTOLUENE",0.0
HI,15,"2,4-TOLUENE DIISOCYANATE",0.0
HI,15,2-NITROPROPANE,0.0
HI,15,ACETALDEHYDE,0.0012836256151621667
HI,15,ACRYLONITRILE,0.0
HI,15,ALLYL CHLORIDE,0.0
HI,15,ARSENIC COMPOUNDS(INORGANIC INCLUDING ARSINE),0.00021246723432300003
HI,15,BENZENE,0.0009910729430265
HI,15,BENZYL CHLORIDE,0.0
HI,15,BERYLLIUM COMPOUNDS,0.0
HI,15,BIS(2-ETHYLHEXYL)PHTHALATE (DEHP),0.0
HI,15,CADMIUM COMPOUNDS,0.0
HI,15,CARBON TETRACHLORIDE,0.0
HI,15,CHLOROPRENE,0.0
HI,15,CHROMIUM VI (HEXAVALENT),3.0768856505e-06
HI,15,EPICHLOROHYDRIN,0.0
HI,15,ETHYLBENZENE,0.00011066165474183334
HI,15,ETHYLENE DIBROMIDE (DIBROMOETHANE),0.0
HI,15,"ETHYLENE DICHLORIDE (1,2-DICHLOROETHANE)",0.0
HI,15,ETHYLENE OXIDE,0.0
HI,15,"ETHYLIDENE DICHLORIDE (1,1-DICHLOROETHANE)",0.0
HI,15,FORMALDEHYDE,0.017211396359901338
HI,15,HEXACHLOROBENZENE,0.0
HI,15,HEXACHLOROBUTADIENE,0.0
HI,15,METHYL TERT-BUTYL ETHER,0.0
HI,15,METHYLENE CHLORIDE,0.0
HI,15,NAPHTHALENE,0.005019713926698666
HI,15,NICKEL COMPOUNDS,6.610049536416666e-05
HI,15,NITROBENZENE,0.0
HI,15,O-TOLUIDINE,0.0
HI,15,PAHPOM,0.0012045343771091668
HI,15,PENTACHLOROPHENOL,0.0
HI,15,POLYCHLORINATED BIPHENYLS (AROCLORS),0.0
HI,15,PROPYLENE OXIDE,0.0
HI,15,TETRACHLOROETHYLENE,0.0
HI,15,TRICHLOROETHYLENE,0.0
HI,15,VINYL CHLORIDE,0.0
IA,19,"1,1,2-TRICHLOROETHANE",0.0
IA,19,"1,2-DIBROMO-3-CHLOROPROPANE",0.0
IA,19,"1,3-BUTADIENE",0.001057582709164061
IA,19,"1,3-DICHLOROPROPENE",0.0
IA,19,"1,4-DICHLOROBENZENE",0.0
IA,19,"1,4-DIOXANE",0.0
IA,19,"2,4,6-TRICHLOROPHENOL",0.0
IA,19,"2,4-DINITROTOLUENE",0.0
IA,19,"2,4-TOLUENE DIISOCYANATE",0.0
IA,19,2-NITROPROPANE,0.0
IA,19,ACETALDEHYDE,0.0009125045422191209
IA,19,ACETAMIDE,0.0
IA,19,ACRYLAMIDE,0.0
IA,19,ACRYLONITRILE,0.0
IA,19,ALLYL CHLORIDE,0.0
IA,19,ANILINE,0.0
IA,19,ARSENIC COMPOUNDS(INORGANIC INCLUDING ARSINE),0.0013883858673056362
IA,19,BENZENE,0.0034511583645901902
IA,19,BENZIDINE,0.0
IA,19,BENZYL CHLORIDE,0.0
IA,19,BERYLLIUM COMPOUNDS,0.0
IA,19,BIS(2-ETHYLHEXYL)PHTHALATE (DEHP),0.0
IA,19,BROMOFORM,0.0
IA,19,CADMIUM COMPOUNDS,0.0
IA,19,CARBON TETRACHLORIDE,0.0
IA,19,CHLOROPRENE,0.0
IA,19,CHROMIUM VI (HEXAVALENT),9.925499976885854e-05
IA,19,DICHLOROETHYL ETHER (BIS[2-CHLOROETHYL]ETHER),0.0
IA,19,EPICHLOROHYDRIN,0.0
IA,19,ETHYLBENZENE,0.00013401854555249493
IA,19,ETHYLENE DIBROMIDE (DIBROMOETHANE),0.0
IA,19,"ETHYLENE DICHLORIDE (1,2-DICHLOROETHANE)",0.0
IA,19,ETHYLENE OXIDE,0.0
IA,19,ETHYLENE THIOUREA,0.0
IA,19,"ETHYLIDENE DICHLORIDE (1,1-DICHLOROETHANE)",0.0
IA,19,FORMALDEHYDE,0.00910136942824412
IA,19,HEXACHLOROBENZENE,0.0
IA,19,HEXACHLOROBUTADIENE,0.0
IA,19,HYDRAZINE,0.0
IA,19,METHYL TERT-BUTYL ETHER,0.0
IA,19,METHYLENE CHLORIDE,0.0
IA,19,NAPHTHALENE,0.005913145428647292
IA,19,NICKEL COMPOUNDS,0.0007821129005313335
IA,19,NITROBENZENE,0.0
IA,19,O-TOLUIDINE,0.0
IA,19,PAHPOM,0.0002787543075195353
IA,19,PENTACHLOROPHENOL,0.0
IA,19,POLYCHLORINATED BIPHENYLS (AROCLORS),0.0
IA,19,PROPYLENE OXIDE,0.0
IA,19,TETRACHLOROETHYLENE,0.0
IA,19,TRICHLOROETHYLENE,0.0
IA,19,VINYL CHLORIDE,0.0
ID,16,"1,1,2-TRICHLOROETHANE",0.0
ID,16,"1,3-BUTADIENE",0.00245785151777175
ID,16,"1,3-DICHLOROPROPENE",0.0
ID,16,"1,4-DICHLOROBENZENE",0.0
ID,16,"1,4-DIOXANE",0.0
ID,16,"2,4,6-TRICHLOROPHENOL",0.0
ID,16,"2,4-DINITROTOLUENE",0.0
ID,16,"2,4-TOLUENE DIISOCYANATE",0.0
ID,16,2-NITROPROPANE,0.0
ID,16,ACETALDEHYDE,0.002008588994747154
ID,16,ACETAMIDE,0.0
ID,16,ACRYLONITRILE,0.0
ID,16,ALLYL CHLORIDE,0.0
ID,16,ARSENIC COMPOUNDS(INORGANIC INCLUDING ARSINE),0.0007935429831224422
ID,16,BENZENE,0.005154034948728212
ID,16,BENZYL CHLORIDE,0.0
ID,16,BERYLLIUM COMPOUNDS,0.0
ID,16,BIS(2-ETHYLHEXYL)PHTHALATE (DEHP),0.0
ID,16,BROMOFORM,0.0
ID,16,CADMIUM COMPOUNDS,0.0
ID,16,CARBON TETRACHLORIDE,0.0
ID,16,CHLOROPRENE,0.0
ID,16,CHROMIUM VI (HEXAVALENT),7.480919874248075e-05
ID,16,EPICHLOROHYDRIN,0.0
ID,16,ETHYLBENZENE,0.00023964355626296152
ID,16,ETHYLENE DIBROMIDE (DIBROMOETHANE),0.0
ID,16,"ETHYLENE DICHLORIDE (1,2-DICHLOROETHANE)",0.0
ID,16,ETHYLENE OXIDE,0.0
ID,16,"ETHYLIDENE DICHLORIDE (1,1-DICHLOROETHANE)",0.0
ID,16,FORMALDEHYDE,0.025439480195183238
ID,16,HEXACHLOROBENZENE,0.0
ID,16,HEXACHLOROBUTADIENE,0.0
ID,16,METHYL TERT-BUTYL ETHER,0.0
ID,16,METHYLENE CHLORIDE,0.0
ID,16,NAPHTHALENE,0.010747962636232828
ID,16,NICKEL COMPOUNDS,0.0005727830995632114
ID,16,NITROBENZENE,0.0
ID,16,O-TOLUIDINE,0.0
ID,16,PAHPOM,0.0005902187872215768
ID,16,PENTACHLOROPHENOL,0.0
ID,16,POLYCHLORINATED BIPHENYLS (AROCLORS),0.0
ID,16,PROPYLENE OXIDE,0.0
ID,16,TETRACHLOROETHYLENE,0.0
ID,16,TRICHLOROETHYLENE,0.0
ID,16,VINYL CHLORIDE,0.0
IL,17,"1,1,2-TRICHLOROETHANE",0.0
IL,17,"1,2-DIBROMO-3-CHLOROPROPANE",0.0
IL,17,"1,3-BUTADIENE",0.0016588639186340987
IL,17,"1,3-DICHLOROPROPENE",0.0
IL,17,"1,4-DICHLOROBENZENE",0.0
IL,17,"1,4-DIOXANE",0.0
IL,17,"2,4,6-TRICHLOROPHENOL",0.0
IL,17,"2,4-DINITROTOLUENE",0.0
IL,17,"2,4-TOLUENE DIISOCYANATE",0.0
IL,17,2-ACETYLAMINOFLUORENE,0.0
IL,17,2-NITROPROPANE,0.0
IL,17,"3,3'-DICHLOROBENZIDINE",0.0
IL,17,"4,4'-METHYLENE BIS(2-CHLOROANILINE)",0.0
IL,17,4-DIMETHYLAMINOAZOBENZENE,0.0
IL,17,ACETALDEHYDE,0.0014664521137790591
IL,17,ACETAMIDE,0.0
IL,17,ACRYLAMIDE,0.0
IL,17,ACRYLONITRILE,0.0
IL,17,ALLYL CHLORIDE,0.0
IL,17,ANILINE,0.0
IL,17,ARSENIC COMPOUNDS(INORGANIC INCLUDING ARSINE),0.0015522004866178635
IL,17,BENZENE,0.003793514315239159
IL,17,BENZYL CHLORIDE,0.0
IL,17,BERYLLIUM COMPOUNDS,0.0
IL,17,BIS(2-ETHYLHEXYL)PHTHALATE (DEHP),0.0
IL,17,BROMOFORM,0.0
IL,17,CADMIUM COMPOUNDS,0.0
IL,17,CARBON TETRACHLORIDE,0.0
IL,17,CHLOROPRENE,0.0
IL,17,CHROMIUM VI (HEXAVALENT),5.328692762570586e-05
IL,17,COKE OVEN EMISSIONS,0.0
IL,17,DICHLOROETHYL ETHER (BIS[2-CHLOROETHYL]ETHER),0.0
IL,17,EPICHLOROHYDRIN,0.0
IL,17,ETHYL CARBAMATE (URETHANE) CHLORIDE (CHLOROETHANE),0.0
IL,17,ETHYLBENZENE,0.000199661235286951
IL,17,ETHYLENE DIBROMIDE (DIBROMOETHANE),0.0
IL,17,"ETHYLENE DICHLORIDE (1,2-DICHLOROETHANE)",0.0
IL,17,ETHYLENE OXIDE,0.0
IL,17,ETHYLENE THIOUREA,0.0
IL,17,"ETHYLIDENE DICHLORIDE (1,1-DICHLOROETHANE)",0.0
IL,17,FORMALDEHYDE,0.01512786260348487
IL,17,HEPTACHLOR,0.0
IL,17,HEXACHLOROBENZENE,0.0
IL,17,HEXACHLOROBUTADIENE,0.0
IL,17,HYDRAZINE,0.0
IL,17,METHYL TERT-BUTYL ETHER,0.0
IL,17,METHYLENE CHLORIDE,0.0
IL,17,NAPHTHALENE,0.008268439477002692
IL,17,NICKEL COMPOUNDS,0.0006200354197809513
IL,17,NITROBENZENE,0.0
IL,17,O-TOLUIDINE,0.0
IL,17,PAHPOM,0.00042036877383875513
IL,17,PENTACHLOROPHENOL,0.0
IL,17,POLYCHLORINATED BIPHENYLS (AROCLORS),0.0
IL,17,PROPYLENE OXIDE,0.0
IL,17,TETRACHLOROETHYLENE,0.0
IL,17,TRICHLOROETHYLENE,0.0
IL,17,VINYL CHLORIDE,0.0
IN,18,"1,1,2-TRICHLOROETHANE",0.0
IN,18,"1,2,3,4,5,6-HEXACHLOROCYCLYHEXANE",0.0
IN,18,"1,3-BUTADIENE",0.0026784157309210103
IN,18,"1,3-DICHLOROPROPENE",0.0
IN,18,"1,4-DICHLOROBENZENE",0.0
IN,18,"1,4-DIOXANE",0.0
IN,18,"2,4,6-TRICHLOROPHENOL",0.0
IN,18,"2,4-DINITROTOLUENE",0.0
IN,18,"2,4-TOLUENE DIISOCYANATE",0.0
IN,18,2-NITROPROPANE,0.0
IN,18,4-DIMETHYLAMINOAZOBENZENE,0.0
IN,18,ACETALDEHYDE,0.0022685919915587066
IN,18,ACETAMIDE,0.0
IN,18,ACRYLAMIDE,0.0
IN,18,ACRYLONITRILE,0.0
IN,18,ALLYL CHLORIDE,0.0
IN,18,ANILINE,0.0
IN,18,ARSENIC COMPOUNDS(INORGANIC INCLUDING ARSINE),0.0019027100380010972
IN,18,BENZENE,0.005417697668371807
IN,18,BENZIDINE,0.0
IN,18,BENZYL CHLORIDE,0.0
IN,18,BERYLLIUM COMPOUNDS,0.0
IN,18,BIS(2-ETHYLHEXYL)PHTHALATE (DEHP),0.0
IN,18,BROMOFORM,0.0
IN,18,CADMIUM COMPOUNDS,0.0
IN,18,CARBON TETRACHLORIDE,0.0
IN,18,CHLORDANE,0.0
IN,18,CHLOROPRENE,0.0
IN,18,CHROMIUM VI (HEXAVALENT),6.289700336626087e-05
IN,18,COKE OVEN EMISSIONS,0.0
IN,18,DICHLOROETHYL ETHER (BIS[2-CHLOROETHYL]ETHER),0.0
IN,18,EPICHLOROHYDRIN,0.0
IN,18,ETHYL CARBAMATE (URETHANE) CHLORIDE (CHLOROETHANE),0.0
IN,18,ETHYLBENZENE,0.00029739160505206513
IN,18,ETHYLENE DIBROMIDE (DIBROMOETHANE),0.0
IN,18,"ETHYLENE DICHLORIDE (1,2-DICHLOROETHANE)",0.0
IN,18,ETHYLENE OXIDE,0.0
IN,18,ETHYLENE THIOUREA,0.0
IN,18,"ETHYLIDENE DICHLORIDE (1,1-DICHLOROETHANE)",0.0
IN,18,FORMALDEHYDE,0.023015358028782358
IN,18,HEPTACHLOR,0.0
IN,18,HEXACHLOROBENZENE,0.0
IN,18,HEXACHLOROBUTADIENE,0.0
IN,18,METHYL TERT-BUTYL ETHER,0.0
IN,18,METHYLENE CHLORIDE,0.0
IN,18,NAPHTHALENE,0.01385661766654795
IN,18,NICKEL COMPOUNDS,0.0011158572252793584
IN,18,NITROBENZENE,0.0
IN,18,O-TOLUIDINE,0.0
IN,18,PAHPOM,0.0006459558711414892
IN,18,PENTACHLOROPHENOL,0.0
IN,18,POLYCHLORINATED BIPHENYLS (AROCLORS),0.0
IN,18,PROPYLENE OXIDE,0.0
IN,18,TETRACHLOROETHYLENE,0.0
IN,18,TOXAPHENE (CHLORINATED CAMPHENE),0.0
IN,18,TRICHLOROETHYLENE,0.0
IN,18,VINYL BROMIDE,0.0
IN,18,VINYL CHLORIDE,0.0
KS,20,"1,1,2-TRICHLOROETHANE",0.0
KS,20,"1,3-BUTADIENE",0.0010325639262809768
KS,20,"1,3-DICHLOROPROPENE",0.0
KS,20,"1,4-DICHLOROBENZENE",0.0
KS,20,"1,4-DIOXANE",0.0
KS,20,"2,4,6-TRICHLOROPHENOL",0.0
KS,20,"2,4-DINITROTOLUENE",0.0
KS,20,"2,4-TOLUENE DIISOCYANATE",0.0
KS,20,2-NITROPROPANE,0.0
KS,20,"4,4'-METHYLENEDIANILINE",0.0
KS,20,ACETALDEHYDE,0.0009894530357203407
KS,20,ACETAMIDE,0.0
KS,20,ACRYLONITRILE,0.0
KS,20,ALLYL CHLORIDE,0.0
KS,20,ARSENIC COMPOUNDS(INORGANIC INCLUDING ARSINE),0.0013552612165906896
KS,20,BENZENE,0.004015031625362822
KS,20,BENZIDINE,0.0
KS,20,BENZYL CHLORIDE,0.0
KS,20,BERYLLIUM COMPOUNDS,0.0
KS,20,BIS(2-ETHYLHEXYL)PHTHALATE (DEHP),0.0
KS,20,BROMOFORM,0.0
KS,20,CADMIUM COMPOUNDS,0.0
KS,20,CARBON TETRACHLORIDE,0.0
KS,20,CHLOROPRENE,0.0
KS,20,CHROMIUM VI (HEXAVALENT),0.0002822041358482015
KS,20,EPICHLOROHYDRIN,0.0
KS,20,ETHYLBENZENE,0.0001299461996476434
KS,20,ETHYLENE DIBROMIDE (DIBROMOETHANE),0.0
KS,20,"ETHYLENE DICHLORIDE (1,2-DICHLOROETHANE)",0.0
KS,20,ETHYLENE OXIDE,0.0
KS,20,"ETHYLIDENE DICHLORIDE (1,1-DICHLOROETHANE)",0.0
KS,20,FORMALDEHYDE,0.01225841210051174
KS,20,HEXACHLOROBENZENE,0.0
KS,20,HEXACHLOROBUTADIENE,0.0
KS,20,HYDRAZINE,0.0
KS,20,METHYL TERT-BUTYL ETHER,0.0
KS,20,METHYLENE CHLORIDE,0.0
KS,20,NAPHTHALENE,0.005501247375490699
KS,20,NICKEL COMPOUNDS,0.0011069513048860462
KS,20,NITROBENZENE,0.0
KS,20,O-TOLUIDINE,0.0
KS,20,PAHPOM,0.0003160026228069071
KS,20,PENTACHLOROPHENOL,0.0
KS,20,POLYCHLORINATED BIPHENYLS (AROCLORS),0.0
KS,20,PROPYLENE OXIDE,0.0
KS,20,TETRACHLOROETHYLENE,0.0
KS,20,TRICHLOROETHYLENE,0.0
KS,20,VINYL CHLORIDE,0.0
KY,21,"1,1,2-TRICHLOROETHANE",0.0
KY,21,"1,2,3,4,5,6-HEXACHLOROCYCLYHEXANE",0.0
KY,21,"1,3-BUTADIENE",0.0016840811652813611
KY,21,"1,3-DICHLOROPROPENE",0.0
KY,21,"1,4-DICHLOROBENZENE",0.0
KY,21,"1,4-DIOXANE",0.0
KY,21,"2,4,6-TRICHLOROPHENOL",0.0
KY,21,"2,4-DINITROTOLUENE",0.0
KY,21,"2,4-TOLUENE DIISOCYANATE",0.0
KY,21,2-NITROPROPANE,0.0
KY,21,"4,4'-METHYLENEDIANILINE",0.0
KY,21,ACETALDEHYDE,0.0014972914239040403
KY,21,ACETAMIDE,0.0
KY,21,ACRYLAMIDE,0.0
KY,21,ACRYLONITRILE,0.0
KY,21,ALLYL CHLORIDE,0.0
KY,21,ANILINE,0.0
KY,21,ARSENIC COMPOUNDS(INORGANIC INCLUDING ARSINE),0.0018486472342698027
KY,21,BENZENE,0.004207442131895238
KY,21,BENZIDINE,0.0
KY,21,BENZYL CHLORIDE,0.0
KY,21,BERYLLIUM COMPOUNDS,0.0
KY,21,BIS(2-ETHYLHEXYL)PHTHALATE (DEHP),0.0
KY,21,BROMOFORM,0.0
KY,21,CADMIUM COMPOUNDS,0.0
KY,21,CARBON TETRACHLORIDE,0.0
KY,21,CHLORDANE,0.0
KY,21,CHLOROPRENE,0.0
KY,21,CHROMIUM VI (HEXAVALENT),9.770482920828695e-05
KY,21,COKE OVEN EMISSIONS,0.0
KY,21,DICHLOROETHYL ETHER (BIS[2-CHLOROETHYL]ETHER),0.0
KY,21,EPICHLOROHYDRIN,0.0
KY,21,ETHYLBENZENE,0.00020045617467381158
KY,21,ETHYLENE DIBROMIDE (DIBROMOETHANE),0.0
KY,21,"ETHYLENE DICHLORIDE (1,2-DICHLOROETHANE)",0.0
KY,21,ETHYLENE OXIDE,0.0
KY,21,"ETHYLIDENE DICHLORIDE (1,1-DICHLOROETHANE)",0.0
KY,21,FORMALDEHYDE,0.015418793313483708
KY,21,HEPTACHLOR,0.0
KY,21,HEXACHLOROBENZENE,0.0
KY,21,HEXACHLOROBUTADIENE,0.0
KY,21,HYDRAZINE,0.0
KY,21,METHYL TERT-BUTYL ETHER,0.0
KY,21,METHYLENE CHLORIDE,0.0
KY,21,N-NITROSODIMETHYLAMINE,0.0
KY,21,N-NITROSOMORPHOLINE,0.0
KY,21,NAPHTHALENE,0.00895850094661112
KY,21,NICKEL COMPOUNDS,0.0008202317770239752
KY,21,NITROBENZENE,0.0
KY,21,O-TOLUIDINE,0.0
KY,21,PAHPOM,0.00046641969259026225
KY,21,PENTACHLOROPHENOL,0.0
KY,21,POLYCHLORINATED BIPHENYLS (AROCLORS),0.0
KY,21,PROPYLENE OXIDE,0.0
KY,21,TETRACHLOROETHYLENE,0.0
KY,21,TOXAPHENE (CHLORINATED CAMPHENE),0.0
KY,21,TRICHLOROETHYLENE,0.0
KY,21,VINYL BROMIDE,0.0
KY,21,VINYL CHLORIDE,0.0
LA,22,"1,1,2-TRICHLOROETHANE",0.0
LA,22,"1,2,3,4,5,6-HEXACHLOROCYCLYHEXANE",0.0
LA,22,"1,2-DIBROMO-3-CHLOROPROPANE",0.0
LA,22,"1,2-Diphenylhydrazine",0.0
LA,22,"1,3-BUTADIENE",0.001955056397154657
LA,22,"1,3-DICHLOROPROPENE",0.0
LA,22,"1,3-PROPANE SULTONE",0.0
LA,22,"1,4-DICHLOROBENZENE",0.0
LA,22,"1,4-DIOXANE",0.0
LA,22,"2,4,6-TRICHLOROPHENOL",0.0
LA,22,"2,4-DINITROTOLUENE",0.0
LA,22,"2,4-TOLUENE DIAMINE",0.0
LA,22,"2,4-TOLUENE DIISOCYANATE",0.0
LA,22,2-ACETYLAMINOFLUORENE,0.0
LA,22,2-NITROPROPANE,0.0
LA,22,"3,3'-DICHLOROBENZIDINE",0.0
LA,22,"4,4'-METHYLENE BIS(2-CHLOROANILINE)",0.0
LA,22,"4,4'-METHYLENEDIANILINE",0.0
LA,22,ACETALDEHYDE,0.0017505813738596724
LA,22,ACETAMIDE,0.0
LA,22,ACRYLAMIDE,0.0
LA,22,ACRYLONITRILE,0.0
LA,22,ALLYL CHLORIDE,0.0
LA,22,ANILINE,0.0
LA,22,ARSENIC COMPOUNDS(INORGANIC INCLUDING ARSINE),0.0013595262568483286
LA,22,BENZENE,0.003912814979257563
LA,22,BENZIDINE,0.0
LA,22,BENZYL CHLORIDE,0.0
LA,22,BERYLLIUM COMPOUNDS,0.0
LA,22,BIS(2-ETHYLHEXYL)PHTHALATE (DEHP),0.0
LA,22,BROMOFORM,0.0
LA,22,CADMIUM COMPOUNDS,0.0
LA,22,CARBON TETRACHLORIDE,0.0
LA,22,CHLORDANE,0.0
LA,22,CHLOROBENZILATE,0.0
LA,22,CHLOROPRENE,0.0
LA,22,CHROMIUM VI (HEXAVALENT),8.232843342857812e-05
LA,22,DICHLOROETHYL ETHER (BIS[2-CHLOROETHYL]ETHER),0.0
LA,22,EPICHLOROHYDRIN,0.0
LA,22,ETHYL CARBAMATE (URETHANE) CHLORIDE (CHLOROETHANE),0.0
LA,22,ETHYLBENZENE,0.00020632814165937497
LA,22,ETHYLENE DIBROMIDE (DIBROMOETHANE),0.0
LA,22,"ETHYLENE DICHLORIDE (1,2-DICHLOROETHANE)",0.0
LA,22,ETHYLENE OXIDE,0.0
LA,22,ETHYLENE THIOUREA,0.0
LA,22,"ETHYLIDENE DICHLORIDE (1,1-DICHLOROETHANE)",0.0
LA,22,FORMALDEHYDE,0.020956894556563698
LA,22,HEPTACHLOR,0.0
LA,22,HEXACHLOROBENZENE,0.0
LA,22,HEXACHLOROBUTADIENE,0.0
LA,22,HYDRAZINE,0.0
LA,22,METHYL TERT-BUTYL ETHER,0.0
LA,22,METHYLENE CHLORIDE,0.0
LA,22,N-NITROSODIMETHYLAMINE,0.0
LA,22,NAPHTHALENE,0.010275723450637987
LA,22,NICKEL COMPOUNDS,0.000866873541951375
LA,22,NITROBENZENE,0.0
LA,22,O-TOLUIDINE,0.0
LA,22,PAHPOM,0.0005136898419369532
LA,22,PENTACHLOROPHENOL,0.0
LA,22,POLYCHLORINATED BIPHENYLS (AROCLORS),0.0
LA,22,PROPYLENE OXIDE,0.0
LA,22,TETRACHLOROETHYLENE,0.0
LA,22,TOXAPHENE (CHLORINATED CAMPHENE),0.0
LA,22,TRICHLOROETHYLENE,0.0
LA,22,VINYL BROMIDE,0.0
LA,22,VINYL CHLORIDE,0.0
MA,25,"1,1,2-TRICHLOROETHANE",0.0
MA,25,"1,3-BUTADIENE",0.002215740901612285
MA,25,"1,3-DICHLOROPROPENE",0.0
MA,25,"1,4-DICHLOROBENZENE",0.0
MA,25,"1,4-DIOXANE",0.0
MA,25,"2,4,6-TRICHLOROPHENOL",0.0
MA,25,"2,4-DINITROTOLUENE",0.0
MA,25,"2,4-TOLUENE DIISOCYANATE",0.0
MA,25,2-NITROPROPANE,0.0
MA,25,"4,4'-METHYLENE BIS(2-CHLOROANILINE)",0.0
MA,25,"4,4'-METHYLENEDIANILINE",0.0
MA,25,4-DIMETHYLAMINOAZOBENZENE,0.0
MA,25,ACETALDEHYDE,0.0020991975265357145
MA,25,ACETAMIDE,0.0
MA,25,ACRYLAMIDE,0.0
MA,25,ACRYLONITRILE,0.0
MA,25,ALLYL CHLORIDE,0.0
MA,25,ANILINE,0.0
MA,25,ARSENIC COMPOUNDS(INORGANIC INCLUDING ARSINE),0.00045030255170000006
MA,25,BENZENE,0.0035168349834024996
MA,25,BENZIDINE,0.0
MA,25,BENZYL CHLORIDE,0.0
MA,25,BERYLLIUM COMPOUNDS,0.0
MA,25,BIS(2-ETHYLHEXYL)PHTHALATE (DEHP),0.0
MA,25,BROMOFORM,0.0
MA,25,CADMIUM COMPOUNDS,0.0
MA,25,CARBON TETRACHLORIDE,0.0
MA,25,CHLOROPRENE,0.0
MA,25,CHROMIUM VI (HEXAVALENT),1.0703601528714284e-05
MA,25,EPICHLOROHYDRIN,0.0
MA,25,ETHYL CARBAMATE (URETHANE) CHLORIDE (CHLOROETHANE),0.0
MA,25,ETHYLBENZENE,0.00020689760262549998
MA,25,ETHYLENE DIBROMIDE (DIBROMOETHANE),0.0
MA,25,"ETHYLENE DICHLORIDE (1,2-DICHLOROETHANE)",0.0
MA,25,ETHYLENE OXIDE,0.0
MA,25,ETHYLENE THIOUREA,0.0
MA,25,"ETHYLIDENE DICHLORIDE (1,1-DICHLOROETHANE)",0.0
MA,25,FORMALDEHYDE,0.0229246222130375
MA,25,HEXACHLOROBENZENE,0.0
MA,25,HEXACHLOROBUTADIENE,0.0
MA,25,HYDRAZINE,0.0
MA,25,METHYL TERT-BUTYL ETHER,0.0
MA,25,METHYLENE CHLORIDE,0.0
MA,25,NAPHTHALENE,0.010453735611126714
MA,25,NICKEL COMPOUNDS,0.0002573565100318571
MA,25,NITROBENZENE,0.0
MA,25,O-TOLUIDINE,0.0
MA,25,PAHPOM,0.0003876937198139999
MA,25,PENTACHLOROPHENOL,0.0
MA,25,POLYCHLORINATED BIPHENYLS (AROCLORS),0.0
MA,25,PROPYLENE OXIDE,0.0
MA,25,TETRACHLOROETHYLENE,0.0
MA,25,TRICHLOROETHYLENE,0.0
MA,25,VINYL CHLORIDE,0.0
MD,24,"1,1,2-TRICHLOROETHANE",0.0
MD,24,"1,2-DIBROMO-3-CHLOROPROPANE",0.0
MD,24,"1,3-BUTADIENE",0.004033446999082334
MD,24,"1,3-DICHLOROPROPENE",0.0
MD,24,"1,3-PROPANE SULTONE",0.0
MD,24,"1,4-DICHLOROBENZENE",0.0
MD,24,"1,4-DIOXANE",0.0
MD,24,"2,4,6-TRICHLOROPHENOL",0.0
MD,24,"2,4-DINITROTOLUENE",0.0
MD,24,"2,4-TOLUENE DIISOCYANATE",0.0
MD,24,2-NITROPROPANE,0.0
MD,24,"3,3'-DICHLOROBENZIDINE",0.0
MD,24,"4,4'-METHYLENE BIS(2-CHLOROANILINE)",0.0
MD,24,"4,4'-METHYLENEDIANILINE",0.0
MD,24,ACETALDEHYDE,0.003882432710548625
MD,24,ACETAMIDE,0.0
MD,24,ACRYLAMIDE,0.0
MD,24,ACRYLONITRILE,0.0
MD,24,ALLYL CHLORIDE,0.0
MD,24,ANILINE,0.0
MD,24,ARSENIC COMPOUNDS(INORGANIC INCLUDING ARSINE),0.0017922927941187506
MD,24,BENZENE,0.007614829041592042
MD,24,BENZYL CHLORIDE,0.0
MD,24,BERYLLIUM COMPOUNDS,0.0
MD,24,BIS(2-ETHYLHEXYL)PHTHALATE (DEHP),0.0
MD,24,BROMOFORM,0.0
MD,24,CADMIUM COMPOUNDS,0.0
MD,24,CARBON TETRACHLORIDE,0.0
MD,24,CHLOROPRENE,0.0
MD,24,CHROMIUM VI (HEXAVALENT),6.703553232649999e-05
MD,24,EPICHLOROHYDRIN,0.0
MD,24,ETHYLBENZENE,0.00040854538196795825
MD,24,ETHYLENE DIBROMIDE (DIBROMOETHANE),0.0
MD,24,"ETHYLENE DICHLORIDE (1,2-DICHLOROETHANE)",0.0
MD,24,ETHYLENE OXIDE,0.0
MD,24,ETHYLENE THIOUREA,0.0
MD,24,"ETHYLIDENE DICHLORIDE (1,1-DICHLOROETHANE)",0.0
MD,24,FORMALDEHYDE,0.04056540158942379
MD,24,HEPTACHLOR,0.0
MD,24,HEXACHLOROBENZENE,0.0
MD,24,HEXACHLOROBUTADIENE,0.0
MD,24,HYDRAZINE,0.0
MD,24,METHYL TERT-BUTYL ETHER,0.0
MD,24,METHYLENE CHLORIDE,0.0
MD,24,N-NITROSODIMETHYLAMINE,0.0
MD,24,NAPHTHALENE,0.020941402669614
MD,24,NICKEL COMPOUNDS,0.0008157203311745
MD,24,NITROBENZENE,0.0
MD,24,O-TOLUIDINE,0.0
MD,24,PAHPOM,0.0008997406002864998
MD,24,PENTACHLOROPHENOL,0.0
MD,24,POLYCHLORINATED BIPHENYLS (AROCLORS),0.0
MD,24,PROPYLENE OXIDE,0.0
MD,24,TETRACHLOROETHYLENE,0.0
MD,24,TRICHLOROETHYLENE,0.0
MD,24,VINYL CHLORIDE,0.0
ME,23,"1,1,2-TRICHLOROETHANE",0.0
ME,23,"1,3-BUTADIENE",0.00091016033391775
ME,23,"1,3-DICHLOROPROPENE",0.0
ME,23,"1,4-DICHLOROBENZENE",0.0
ME,23,"1,4-DIOXANE",0.0
ME,23,"2,4,6-TRICHLOROPHENOL",0.0
ME,23,"2,4-DINITROTOLUENE",0.0
ME,23,"2,4-TOLUENE DIAMINE",0.0
ME,23,"2,4-TOLUENE DIISOCYANATE",0.0
ME,23,2-NITROPROPANE,0.0
ME,23,ACETALDEHYDE,0.0010767453441824376
ME,23,ACETAMIDE,0.0
ME,23,ACRYLAMIDE,0.0
ME,23,ACRYLONITRILE,0.0
ME,23,ALLYL CHLORIDE,0.0
ME,23,ARSENIC COMPOUNDS(INORGANIC INCLUDING ARSINE),0.0003258370815623125
ME,23,BENZENE,0.0023548060589681247
ME,23,BENZYL CHLORIDE,0.0
ME,23,BERYLLIUM COMPOUNDS,0.0
ME,23,BIS(2-ETHYLHEXYL)PHTHALATE (DEHP),0.0
ME,23,BROMOFORM,0.0
ME,23,CADMIUM COMPOUNDS,0.0
ME,23,CARBON TETRACHLORIDE,0.0
ME,23,CHLOROPRENE,0.0
ME,23,CHROMIUM VI (HEXAVALENT),7.7769715871875e-06
ME,23,EPICHLOROHYDRIN,0.0
ME,23,ETHYLBENZENE,9.941413783787503e-05
ME,23,ETHYLENE DIBROMIDE (DIBROMOETHANE),0.0
ME,23,"ETHYLENE DICHLORIDE (1,2-DICHLOROETHANE)",0.0
ME,23,ETHYLENE OXIDE,0.0
ME,23,ETHYLENE THIOUREA,0.0
ME,23,"ETHYLIDENE DICHLORIDE (1,1-DICHLOROETHANE)",0.0
ME,23,FORMALDEHYDE,0.010399037423589939
ME,23,HEXACHLOROBENZENE,0.0
ME,23,HEXACHLOROBUTADIENE,0.0
ME,23,HYDRAZINE,0.0
ME,23,METHYL TERT-BUTYL ETHER,0.0
ME,23,METHYLENE CHLORIDE,0.0
ME,23,NAPHTHALENE,0.00527221003335425
ME,23,NICKEL COMPOUNDS,0.00014162853311318747
ME,23,NITROBENZENE,0.0
ME,23,O-TOLUIDINE,0.0
ME,23,PAHPOM,0.0001589163106263125
ME,23,PENTACHLOROPHENOL,0.0
ME,23,POLYCHLORINATED BIPHENYLS (AROCLORS),0.0
ME,23,PROPYLENE OXIDE,0.0
ME,23,TETRACHLOROETHYLENE,0.0
ME,23,TRICHLOROETHYLENE,0.0
ME,23,VINYL CHLORIDE,0.0
MI,26,"1,1,2-TRICHLOROETHANE",0.0
MI,26,"1,3-BUTADIENE",0.0013238329396871428
MI,26,"1,3-DICHLOROPROPENE",0.0
MI,26,"1,4-DICHLOROBENZENE",0.0
MI,26,"1,4-DIOXANE",0.0
MI,26,"2,4,6-TRICHLOROPHENOL",0.0
MI,26,"2,4-DINITROTOLUENE",0.0
MI,26,"2,4-TOLUENE DIISOCYANATE",0.0
MI,26,2-NITROPROPANE,0.0
MI,26,"4,4'-METHYLENE BIS(2-CHLOROANILINE)",0.0
MI,26,ACETALDEHYDE,0.0012448022458496073
MI,26,ACETAMIDE,0.0
MI,26,ACRYLAMIDE,0.0
MI,26,ACRYLONITRILE,0.0
MI,26,ALLYL CHLORIDE,0.0
MI,26,ANILINE,0.0
MI,26,ARSENIC COMPOUNDS(INORGANIC INCLUDING ARSINE),0.0009054793541283332
MI,26,BENZENE,0.0027821058761341062
MI,26,BENZYL CHLORIDE,0.0
MI,26,BERYLLIUM COMPOUNDS,0.0
MI,26,BIS(2-ETHYLHEXYL)PHTHALATE (DEHP),0.0
MI,26,BROMOFORM,0.0
MI,26,CADMIUM COMPOUNDS,0.0
MI,26,CARBON TETRACHLORIDE,0.0
MI,26,CHLOROPRENE,0.0
MI,26,CHROMIUM VI (HEXAVALENT),5.557362918064288e-05
MI,26,COKE OVEN EMISSIONS,0.0
MI,26,EPICHLOROHYDRIN,0.0
MI,26,ETHYLBENZENE,0.0001461627967147024
MI,26,ETHYLENE DIBROMIDE (DIBROMOETHANE),0.0
MI,26,"ETHYLENE DICHLORIDE (1,2-DICHLOROETHANE)",0.0
MI,26,ETHYLENE OXIDE,0.0
MI,26,ETHYLENE THIOUREA,0.0
MI,26,"ETHYLIDENE DICHLORIDE (1,1-DICHLOROETHANE)",0.0
MI,26,FORMALDEHYDE,0.014391710859700438
MI,26,HEXACHLOROBENZENE,0.0
MI,26,HEXACHLOROBUTADIENE,0.0
MI,26,HYDRAZINE,0.0
MI,26,METHYL TERT-BUTYL ETHER,0.0
MI,26,METHYLENE CHLORIDE,0.0
MI,26,NAPHTHALENE,0.0065559935091280015
MI,26,NICKEL COMPOUNDS,0.0005049510763021547
MI,26,NITROBENZENE,0.0
MI,26,O-TOLUIDINE,0.0
MI,26,PAHPOM,0.00028931225579760734
MI,26,PENTACHLOROPHENOL,0.0
MI,26,POLYCHLORINATED BIPHENYLS (AROCLORS),0.0
MI,26,PROPYLENE OXIDE,0.0
MI,26,TETRACHLOROETHYLENE,0.0
MI,26,TRICHLOROETHYLENE,0.0
MI,26,VINYL CHLORIDE,0.0
MN,27,"1,1,2-TRICHLOROETHANE",0.0
MN,27,"1,3-BUTADIENE",0.001494234987849656
MN,27,"1,3-DICHLOROPROPENE",0.0
MN,27,"1,4-DICHLOROBENZENE",0.0
MN,27,"1,4-DIOXANE",0.0
MN,27,"2,4,6-TRICHLOROPHENOL",0.0
MN,27,"2,4-DINITROTOLUENE",0.0
MN,27,"2,4-TOLUENE DIISOCYANATE",0.0
MN,27,2-NITROPROPANE,0.0
MN,27,"4,4'-METHYLENEDIANILINE",0.0
MN,27,4-DIMETHYLAMINOAZOBENZENE,0.0
MN,27,ACETALDEHYDE,0.0011788690430371608
MN,27,ACETAMIDE,0.0
MN,27,ACRYLAMIDE,0.0
MN,27,ACRYLONITRILE,0.0
MN,27,ALLYL CHLORIDE,0.0
MN,27,ANILINE,0.0
MN,27,ARSENIC COMPOUNDS(INORGANIC INCLUDING ARSINE),0.001085480294203425
MN,27,BENZENE,0.0028795723050655743
MN,27,BENZIDINE,0.0
MN,27,BENZYL CHLORIDE,0.0
MN,27,BERYLLIUM COMPOUNDS,0.0
MN,27,BIS(2-ETHYLHEXYL)PHTHALATE (DEHP),0.0
MN,27,BROMOFORM,0.0
MN,27,CADMIUM COMPOUNDS,0.0
MN,27,CARBON TETRACHLORIDE,0.0
MN,27,CHLOROPRENE,0.0
MN,27,CHROMIUM VI (HEXAVALENT),4.493420562451724e-05
MN,27,DICHLOROETHYL ETHER (BIS[2-CHLOROETHYL]ETHER),0.0
MN,27,EPICHLOROHYDRIN,0.0
MN,27,ETHYLBENZENE,0.00014766217694696553
MN,27,ETHYLENE DIBROMIDE (DIBROMOETHANE),0.0
MN,27,"ETHYLENE DICHLORIDE (1,2-DICHLOROETHANE)",0.0
MN,27,ETHYLENE OXIDE,0.0
MN,27,"ETHYLIDENE DICHLORIDE (1,1-DICHLOROETHANE)",0.0
MN,27,FORMALDEHYDE,0.01271894148441814
MN,27,HEXACHLOROBENZENE,0.0
MN,27,HEXACHLOROBUTADIENE,0.0
MN,27,METHYL TERT-BUTYL ETHER,0.0
MN,27,METHYLENE CHLORIDE,0.0
MN,27,N-NITROSODIMETHYLAMINE,0.0
MN,27,N-NITROSOMORPHOLINE,0.0
MN,27,NAPHTHALENE,0.006722057739007733
MN,27,NICKEL COMPOUNDS,0.000543103697282552
MN,27,NITROBENZENE,0.0
MN,27,O-TOLUIDINE,0.0
MN,27,PAHPOM,0.00024746219077391955
MN,27,PENTACHLOROPHENOL,0.0
MN,27,POLYCHLORINATED BIPHENYLS (AROCLORS),0.0
MN,27,PROPYLENE OXIDE,0.0
MN,27,TETRACHLOROETHYLENE,0.0
MN,27,TRICHLOROETHYLENE,0.0
MN,27,VINYL BROMIDE,0.0
MN,27,VINYL CHLORIDE,0.0
MO,29,"1,1,2-TRICHLOROETHANE",0.0
MO,29,"1,2-DIBROMO-3-CHLOROPROPANE",0.0
MO,29,"1,3-BUTADIENE",0.0016673283046682672
MO,29,"1,3-DICHLOROPROPENE",0.0
MO,29,"1,4-DICHLOROBENZENE",0.0
MO,29,"1,4-DIOXANE",0.0
MO,29,"2,4,6-TRICHLOROPHENOL",0.0
MO,29,"2,4-DINITROTOLUENE",0.0
MO,29,"2,4-TOLUENE DIISOCYANATE",0.0
MO,29,2-ACETYLAMINOFLUORENE,0.0
MO,29,2-NITROPROPANE,0.0
MO,29,"3,3'-DICHLOROBENZIDINE",0.0
MO,29,"4,4'-METHYLENE BIS(2-CHLOROANILINE)",0.0
MO,29,ACETALDEHYDE,0.001403820206776069
MO,29,ACETAMIDE,0.0
MO,29,ACRYLAMIDE,0.0
MO,29,ACRYLONITRILE,0.0
MO,29,ALLYL CHLORIDE,0.0
MO,29,ANILINE,0.0
MO,29,ARSENIC COMPOUNDS(INORGANIC INCLUDING ARSINE),0.00148048519347181
MO,29,BENZENE,0.004766777453910725
MO,29,BENZIDINE,0.0
MO,29,BENZYL CHLORIDE,0.0
MO,29,BERYLLIUM COMPOUNDS,0.0
MO,29,BIS(2-ETHYLHEXYL)PHTHALATE (DEHP),0.0
MO,29,BROMOFORM,0.0
MO,29,CADMIUM COMPOUNDS,0.0
MO,29,CARBON TETRACHLORIDE,0.0
MO,29,CHLOROPRENE,0.0
MO,29,CHROMIUM VI (HEXAVALENT),0.00033363336200191364
MO,29,COKE OVEN EMISSIONS,0.0
MO,29,DICHLOROETHYL ETHER (BIS[2-CHLOROETHYL]ETHER),0.0
MO,29,EPICHLOROHYDRIN,0.0
MO,29,ETHYLBENZENE,0.00020159159046075848
MO,29,ETHYLENE DIBROMIDE (DIBROMOETHANE),0.0
MO,29,"ETHYLENE DICHLORIDE (1,2-DICHLOROETHANE)",0.0
MO,29,ETHYLENE OXIDE,0.0
MO,29,"ETHYLIDENE DICHLORIDE (1,1-DICHLOROETHANE)",0.0
MO,29,FORMALDEHYDE,0.015471706517324489
MO,29,HEPTACHLOR,0.0
MO,29,HEXACHLOROBENZENE,0.0
MO,29,HEXACHLOROBUTADIENE,0.0
MO,29,HYDRAZINE,0.0
MO,29,METHYL TERT-BUTYL ETHER,0.0
MO,29,METHYLENE CHLORIDE,0.0
MO,29,NAPHTHALENE,0.008489253853973922
MO,29,NICKEL COMPOUNDS,0.0012107013371871036
MO,29,NITROBENZENE,0.0
MO,29,O-TOLUIDINE,0.0
MO,29,PAHPOM,0.00042822500228511195
MO,29,PENTACHLOROPHENOL,0.0
MO,29,POLYCHLORINATED BIPHENYLS (AROCLORS),0.0
MO,29,PROPYLENE OXIDE,0.0
MO,29,TETRACHLOROETHYLENE,0.0
MO,29,TRICHLOROETHYLENE,0.0
MO,29,VINYL CHLORIDE,0.0
MS,28,"1,1,2-TRICHLOROETHANE",0.0
MS,28,"1,2-DIBROMO-3-CHLOROPROPANE",0.0
MS,28,"1,3-BUTADIENE",0.0014707647261109884
MS,28,"1,3-DICHLOROPROPENE",0.0
MS,28,"1,3-PROPANE SULTONE",0.0
MS,28,"1,4-DICHLOROBENZENE",0.0
MS,28,"1,4-DIOXANE",0.0
MS,28,"2,4,6-TRICHLOROPHENOL",0.0
MS,28,"2,4-DINITROTOLUENE",0.0
MS,28,"2,4-TOLUENE DIISOCYANATE",0.0
MS,28,2-NITROPROPANE,0.0
MS,28,ACETALDEHYDE,0.0013543683156647106
MS,28,ACETAMIDE,0.0
MS,28,ACRYLAMIDE,0.0
MS,28,ACRYLONITRILE,0.0
MS,28,ALLYL CHLORIDE,0.0
MS,28,ANILINE,0.0
MS,28,ARSENIC COMPOUNDS(INORGANIC INCLUDING ARSINE),0.0012781376675738553
MS,28,BENZENE,0.004034486763426376
MS,28,BENZIDINE,0.0
MS,28,BENZYL CHLORIDE,0.0
MS,28,BERYLLIUM COMPOUNDS,0.0
MS,28,BIS(2-ETHYLHEXYL)PHTHALATE (DEHP),0.0
MS,28,BROMOFORM,0.0
MS,28,CADMIUM COMPOUNDS,0.0
MS,28,CARBON TETRACHLORIDE,0.0
MS,28,CHLOROPRENE,0.0
MS,28,CHROMIUM VI (HEXAVALENT),6.550369297616862e-05
MS,28,EPICHLOROHYDRIN,0.0
MS,28,ETHYLBENZENE,0.00017440345250432533
MS,28,ETHYLENE DIBROMIDE (DIBROMOETHANE),0.0
MS,28,"ETHYLENE DICHLORIDE (1,2-DICHLOROETHANE)",0.0
MS,28,ETHYLENE OXIDE,0.0
MS,28,"ETHYLIDENE DICHLORIDE (1,1-DICHLOROETHANE)",0.0
MS,28,FORMALDEHYDE,0.015613853826995022
MS,28,HEXACHLOROBENZENE,0.0
MS,28,HEXACHLOROBUTADIENE,0.0
MS,28,HYDRAZINE,0.0
MS,28,METHYL TERT-BUTYL ETHER,0.0
MS,28,METHYLENE CHLORIDE,0.0
MS,28,NAPHTHALENE,0.007950844026439167
MS,28,NICKEL COMPOUNDS,0.0009335317645908071
MS,28,NITROBENZENE,0.0
MS,28,O-TOLUIDINE,0.0
MS,28,PAHPOM,0.0004610232351898075
MS,28,PENTACHLOROPHENOL,0.0
MS,28,POLYCHLORINATED BIPHENYLS (AROCLORS),0.0
MS,28,PROPYLENE OXIDE,0.0
MS,28,TETRACHLOROETHYLENE,0.0
MS,28,TRICHLOROETHYLENE,0.0
MS,28,VINYL CHLORIDE,0.0
MT,30,"1,1,2-TRICHLOROETHANE",0.0
MT,30,"1,3-BUTADIENE",0.000947252329098811
MT,30,"1,3-DICHLOROPROPENE",0.0
MT,30,"1,4-DICHLOROBENZENE",0.0
MT,30,"1,4-DIOXANE",0.0
MT,30,"2,4,6-TRICHLOROPHENOL",0.0
MT,30,"2,4-DINITROTOLUENE",0.0
MT,30,"2,4-TOLUENE DIISOCYANATE",0.0
MT,30,2-NITROPROPANE,0.0
MT,30,ACETALDEHYDE,0.0006637464365542163
MT,30,ACETAMIDE,0.0
MT,30,ACRYLONITRILE,0.0
MT,30,ALLYL CHLORIDE,0.0
MT,30,ARSENIC COMPOUNDS(INORGANIC INCLUDING ARSINE),0.0004883811073921894
MT,30,BENZENE,0.004493442842086999
MT,30,BENZYL CHLORIDE,0.0
MT,30,BERYLLIUM COMPOUNDS,0.0
MT,30,BIS(2-ETHYLHEXYL)PHTHALATE (DEHP),0.0
MT,30,BROMOFORM,0.0
MT,30,CADMIUM COMPOUNDS,0.0
MT,30,CARBON TETRACHLORIDE,0.0
MT,30,CHLOROPRENE,0.0
MT,30,CHROMIUM VI (HEXAVALENT),6.568115012343239e-05
MT,30,EPICHLOROHYDRIN,0.0
MT,30,ETHYLBENZENE,9.740931665063513e-05
MT,30,ETHYLENE DIBROMIDE (DIBROMOETHANE),0.0
MT,30,"ETHYLENE DICHLORIDE (1,2-DICHLOROETHANE)",0.0
MT,30,ETHYLENE OXIDE,0.0
MT,30,"ETHYLIDENE DICHLORIDE (1,1-DICHLOROETHANE)",0.0
MT,30,FORMALDEHYDE,0.009162511251898191
MT,30,HEXACHLOROBENZENE,0.0
MT,30,HEXACHLOROBUTADIENE,0.0
MT,30,METHYL TERT-BUTYL ETHER,0.0
MT,30,METHYLENE CHLORIDE,0.0
MT,30,NAPHTHALENE,0.0042250060558887415
MT,30,NICKEL COMPOUNDS,0.0006280191412307566
MT,30,NITROBENZENE,0.0
MT,30,O-TOLUIDINE,0.0
MT,30,PAHPOM,0.00021447713264582434
MT,30,PENTACHLOROPHENOL,0.0
MT,30,POLYCHLORINATED BIPHENYLS (AROCLORS),0.0
MT,30,PROPYLENE OXIDE,0.0
MT,30,TETRACHLOROETHYLENE,0.0
MT,30,TRICHLOROETHYLENE,0.0
MT,30,VINYL CHLORIDE,0.0
NC,37,"1,1,2-TRICHLOROETHANE",0.0
NC,37,"1,2-DIBROMO-3-CHLOROPROPANE",0.0
NC,37,"1,3-BUTADIENE",0.0019802994760946867
NC,37,"1,3-DICHLOROPROPENE",0.0
NC,37,"1,4-DICHLOROBENZENE",0.0
NC,37,"1,4-DIOXANE",0.0
NC,37,"2,4,6-TRICHLOROPHENOL",0.0
NC,37,"2,4-DINITROTOLUENE",0.0
NC,37,"2,4-TOLUENE DIISOCYANATE",0.0
NC,37,2-NITROPROPANE,0.0
NC,37,"4,4'-METHYLENE BIS(2-CHLOROANILINE)",0.0
NC,37,"4,4'-METHYLENEDIANILINE",0.0
NC,37,ACETALDEHYDE,0.0019347919457854505
NC,37,ACETAMIDE,0.0
NC,37,ACRYLAMIDE,0.0
NC,37,ACRYLONITRILE,0.0
NC,37,ALLYL CHLORIDE,0.0
NC,37,ANILINE,0.0
NC,37,ARSENIC COMPOUNDS(INORGANIC INCLUDING ARSINE),0.0011481986171931466
NC,37,BENZENE,0.00449614246575554
NC,37,BENZIDINE,0.0
NC,37,BENZYL CHLORIDE,0.0
NC,37,BERYLLIUM COMPOUNDS,0.0
NC,37,BIS(2-ETHYLHEXYL)PHTHALATE (DEHP),0.0
NC,37,BIS(CHLOROMETHYL) ETHER,0.0
NC,37,BROMOFORM,0.0
NC,37,CADMIUM COMPOUNDS,0.0
NC,37,CARBON TETRACHLORIDE,0.0
NC,37,CHLOROPRENE,0.0
NC,37,CHROMIUM VI (HEXAVALENT),4.070675532600982e-05
NC,37,EPICHLOROHYDRIN,0.0
NC,37,ETHYL CARBAMATE (URETHANE) CHLORIDE (CHLOROETHANE),0.0
NC,37,ETHYLBENZENE,0.00022809323608538238
NC,37,ETHYLENE DIBROMIDE (DIBROMOETHANE),0.0
NC,37,"ETHYLENE DICHLORIDE (1,2-DICHLOROETHANE)",0.0
NC,37,ETHYLENE OXIDE,0.0
NC,37,ETHYLENE THIOUREA,0.0
NC,37,"ETHYLIDENE DICHLORIDE (1,1-DICHLOROETHANE)",0.0
NC,37,FORMALDEHYDE,0.021493819524328106
NC,37,HEXACHLOROBENZENE,0.0
NC,37,HEXACHLOROBUTADIENE,0.0
NC,37,HYDRAZINE,0.0
NC,37,METHYL TERT-BUTYL ETHER,0.0
NC,37,METHYLENE CHLORIDE,0.0
NC,37,N-NITROSODIMETHYLAMINE,0.0
NC,37,NAPHTHALENE,0.010437771727014312
NC,37,NICKEL COMPOUNDS,0.001079727818966971
NC,37,NITROBENZENE,0.0
NC,37,O-TOLUIDINE,0.0
NC,37,PAHPOM,0.0006247911495618822
NC,37,PENTACHLOROPHENOL,0.0
NC,37,POLYCHLORINATED BIPHENYLS (AROCLORS),0.0
NC,37,PROPYLENE OXIDE,0.0
NC,37,TETRACHLOROETHYLENE,0.0
NC,37,TRICHLOROETHYLENE,0.0
NC,37,VINYL CHLORIDE,0.0
ND,38,"1,1,2-TRICHLOROETHANE",0.0
ND,38,"1,3-BUTADIENE",0.0007874624911104458
ND,38,"1,3-DICHLOROPROPENE",0.0
ND,38,"1,4-DICHLOROBENZENE",0.0
ND,38,"1,4-DIOXANE",0.0
ND,38,"2,4,6-TRICHLOROPHENOL",0.0
ND,38,"2,4-DINITROTOLUENE",0.0
ND,38,"2,4-TOLUENE DIISOCYANATE",0.0
ND,38,2-NITROPROPANE,0.0
ND,38,ACETALDEHYDE,0.0006445394814485947
ND,38,ACETAMIDE,0.0
ND,38,ACRYLONITRILE,0.0
ND,38,ALLYL CHLORIDE,0.0
ND,38,ARSENIC COMPOUNDS(INORGANIC INCLUDING ARSINE),0.0005727319847892296
ND,38,BENZENE,0.0048625346341766365
ND,38,BENZYL CHLORIDE,0.0
ND,38,BERYLLIUM COMPOUNDS,0.0
ND,38,BIS(2-ETHYLHEXYL)PHTHALATE (DEHP),0.0
ND,38,BROMOFORM,0.0
ND,38,CADMIUM COMPOUNDS,0.0
ND,38,CARBON TETRACHLORIDE,0.0
ND,38,CHLOROPRENE,0.0
ND,38,CHROMIUM VI (HEXAVALENT),9.833565966356757e-05
ND,38,EPICHLOROHYDRIN,0.0
ND,38,ETHYLBENZENE,8.448935600377026e-05
ND,38,ETHYLENE DIBROMIDE (DIBROMOETHANE),0.0
ND,38,"ETHYLENE DICHLORIDE (1,2-DICHLOROETHANE)",0.0
ND,38,ETHYLENE OXIDE,0.0
ND,38,"ETHYLIDENE DICHLORIDE (1,1-DICHLOROETHANE)",0.0
ND,38,FORMALDEHYDE,0.007631418738640068
ND,38,HEXACHLOROBENZENE,0.0
ND,38,HEXACHLOROBUTADIENE,0.0
ND,38,METHYL TERT-BUTYL ETHER,0.0
ND,38,METHYLENE CHLORIDE,0.0
ND,38,NAPHTHALENE,0.0036222148950356085
ND,38,NICKEL COMPOUNDS,0.0005923212469144056
ND,38,NITROBENZENE,0.0
ND,38,O-TOLUIDINE,0.0
ND,38,PAHPOM,0.00016917145983894592
ND,38,PENTACHLOROPHENOL,0.0
ND,38,POLYCHLORINATED BIPHENYLS (AROCLORS),0.0
ND,38,PROPYLENE OXIDE,0.0
ND,38,TETRACHLOROETHYLENE,0.0
ND,38,TRICHLOROETHYLENE,0.0
ND,38,VINYL CHLORIDE,0.0
NE,31,"1,1,2-TRICHLOROETHANE",0.0
NE,31,"1,2,3,4,5,6-HEXACHLOROCYCLYHEXANE",0.0
NE,31,"1,3-BUTADIENE",0.0007282043259876107
NE,31,"1,3-DICHLOROPROPENE",0.0
NE,31,"1,4-DICHLOROBENZENE",0.0
NE,31,"1,4-DIOXANE",0.0
NE,31,"2,4,6-TRICHLOROPHENOL",0.0
NE,31,"2,4-DINITROTOLUENE",0.0
NE,31,"2,4-TOLUENE DIAMINE",0.0
NE,31,"2,4-TOLUENE DIISOCYANATE",0.0
NE,31,2-NITROPROPANE,0.0
NE,31,ACETALDEHYDE,0.0006550078018189286
NE,31,ACETAMIDE,0.0
NE,31,ACRYLONITRILE,0.0
NE,31,ALLYL CHLORIDE,0.0
NE,31,ANILINE,0.0
NE,31,ARSENIC COMPOUNDS(INORGANIC INCLUDING ARSINE),0.0013960781720530157
NE,31,BENZENE,0.004495623698338516
NE,31,BENZYL CHLORIDE,0.0
NE,31,BERYLLIUM COMPOUNDS,0.0
NE,31,BIS(2-ETHYLHEXYL)PHTHALATE (DEHP),0.0
NE,31,BROMOFORM,0.0
NE,31,CADMIUM COMPOUNDS,0.0
NE,31,CARBON TETRACHLORIDE,0.0
NE,31,CHLORDANE,0.0
NE,31,CHLOROPRENE,0.0
NE,31,CHROMIUM VI (HEXAVALENT),0.00017362332435234934
NE,31,EPICHLOROHYDRIN,0.0
NE,31,ETHYL CARBAMATE (URETHANE) CHLORIDE (CHLOROETHANE),0.0
NE,31,ETHYLBENZENE,9.67254862278651e-05
NE,31,ETHYLENE DIBROMIDE (DIBROMOETHANE),0.0
NE,31,"ETHYLENE DICHLORIDE (1,2-DICHLOROETHANE)",0.0
NE,31,ETHYLENE OXIDE,0.0
NE,31,"ETHYLIDENE DICHLORIDE (1,1-DICHLOROETHANE)",0.0
NE,31,FORMALDEHYDE,0.007456810794173114
NE,31,HEPTACHLOR,0.0
NE,31,HEXACHLOROBENZENE,0.0
NE,31,HEXACHLOROBUTADIENE,0.0
NE,31,HYDRAZINE,0.0
NE,31,METHYL TERT-BUTYL ETHER,0.0
NE,31,METHYLENE CHLORIDE,0.0
NE,31,NAPHTHALENE,0.0039040140416042378
NE,31,NICKEL COMPOUNDS,0.0010338072829104684
NE,31,NITROBENZENE,0.0
NE,31,O-TOLUIDINE,0.0
NE,31,PAHPOM,0.000254754471091365
NE,31,PENTACHLOROPHENOL,0.0
NE,31,POLYCHLORINATED BIPHENYLS (AROCLORS),0.0
NE,31,PROPYLENE OXIDE,0.0
NE,31,TETRACHLOROETHYLENE,0.0
NE,31,TOXAPHENE (CHLORINATED CAMPHENE),0.0
NE,31,TRICHLOROETHYLENE,0.0
NE,31,VINYL CHLORIDE,0.0
NH,33,"1,1,2-TRICHLOROETHANE",0.0
NH,33,"1,3-BUTADIENE",0.0012569919030214001
NH,33,"1,3-DICHLOROPROPENE",0.0
NH,33,"1,4-DICHLOROBENZENE",0.0
NH,33,"1,4-DIOXANE",0.0
NH,33,"2,4,6-TRICHLOROPHENOL",0.0
NH,33,"2,4-DINITROTOLUENE",0.0
NH,33,"2,4-TOLUENE DIISOCYANATE",0.0
NH,33,2-NITROPROPANE,0.0
NH,33,4-DIMETHYLAMINOAZOBENZENE,0.0
NH,33,ACETALDEHYDE,0.0012803966666432996
NH,33,ACETAMIDE,0.0
NH,33,ACRYLAMIDE,0.0
NH,33,ACRYLONITRILE,0.0
NH,33,ALLYL CHLORIDE,0.0
NH,33,ANILINE,0.0
NH,33,ARSENIC COMPOUNDS(INORGANIC INCLUDING ARSINE),0.0002242207992889
NH,33,BENZENE,0.0024509295136825
NH,33,BENZIDINE,0.0
NH,33,BENZYL CHLORIDE,0.0
NH,33,BERYLLIUM COMPOUNDS,0.0
NH,33,BIS(2-ETHYLHEXYL)PHTHALATE (DEHP),0.0
NH,33,BROMOFORM,0.0
NH,33,CADMIUM COMPOUNDS,0.0
NH,33,CARBON TETRACHLORIDE,0.0
NH,33,CHLOROPRENE,0.0
NH,33,CHROMIUM VI (HEXAVALENT),1.0663882442400001e-05
NH,33,EPICHLOROHYDRIN,0.0
NH,33,ETHYLBENZENE,0.00013741520511010002
NH,33,ETHYLENE DIBROMIDE (DIBROMOETHANE),0.0
NH,33,"ETHYLENE DICHLORIDE (1,2-DICHLOROETHANE)",0.0
NH,33,ETHYLENE OXIDE,0.0
NH,33,ETHYLENE THIOUREA,0.0
NH,33,"ETHYLIDENE DICHLORIDE (1,1-DICHLOROETHANE)",0.0
NH,33,FORMALDEHYDE,0.0125018410416773
NH,33,HEXACHLOROBENZENE,0.0
NH,33,HEXACHLOROBUTADIENE,0.0
NH,33,HYDRAZINE,0.0
NH,33,METHYL TERT-BUTYL ETHER,0.0
NH,33,METHYLENE CHLORIDE,0.0
NH,33,NAPHTHALENE,0.0063252592746307
NH,33,NICKEL COMPOUNDS,0.0001318297275625
NH,33,NITROBENZENE,0.0
NH,33,O-TOLUIDINE,0.0
NH,33,PAHPOM,0.0002175470975176
NH,33,PENTACHLOROPHENOL,0.0
NH,33,POLYCHLORINATED BIPHENYLS (AROCLORS),0.0
NH,33,PROPYLENE OXIDE,0.0
NH,33,TETRACHLOROETHYLENE,0.0
NH,33,TRICHLOROETHYLENE,0.0
NH,33,VINYL CHLORIDE,0.0
NJ,34,"1,1,2-TRICHLOROETHANE",0.0
NJ,34,"1,2-DIBROMO-3-CHLOROPROPANE",0.0
NJ,34,"1,3-BUTADIENE",0.003530485582386906
NJ,34,"1,3-DICHLOROPROPENE",0.0
NJ,34,"1,3-PROPANE SULTONE",0.0
NJ,34,"1,4-DICHLOROBENZENE",0.0
NJ,34,"1,4-DIOXANE",0.0
NJ,34,"2,4,6-TRICHLOROPHENOL",0.0
NJ,34,"2,4-DINITROTOLUENE",0.0
NJ,34,"2,4-TOLUENE DIISOCYANATE",0.0
NJ,34,2-NITROPROPANE,0.0
NJ,34,"4,4'-METHYLENE BIS(2-CHLOROANILINE)",0.0
NJ,34,"4,4'-METHYLENEDIANILINE",0.0
NJ,34,ACETALDEHYDE,0.0033150405597441907
NJ,34,ACETAMIDE,0.0
NJ,34,ACRYLAMIDE,0.0
NJ,34,ACRYLONITRILE,0.0
NJ,34,ALLYL CHLORIDE,0.0
NJ,34,ANILINE,0.0
NJ,34,ARSENIC COMPOUNDS(INORGANIC INCLUDING ARSINE),0.0009712046398571904
NJ,34,BENZENE,0.0052969485994360955
NJ,34,BENZYL CHLORIDE,0.0
NJ,34,BERYLLIUM COMPOUNDS,0.0
NJ,34,BIS(2-ETHYLHEXYL)PHTHALATE (DEHP),0.0
NJ,34,BROMOFORM,0.0
NJ,34,CADMIUM COMPOUNDS,0.0
NJ,34,CARBON TETRACHLORIDE,0.0
NJ,34,CHLORDANE,0.0
NJ,34,CHLOROPRENE,0.0
NJ,34,CHROMIUM VI (HEXAVALENT),2.3779739959666664e-05
NJ,34,DICHLOROETHYL ETHER (BIS[2-CHLOROETHYL]ETHER),0.0
NJ,34,EPICHLOROHYDRIN,0.0
NJ,34,ETHYLBENZENE,0.0003701804961910953
NJ,34,ETHYLENE DIBROMIDE (DIBROMOETHANE),0.0
NJ,34,"ETHYLENE DICHLORIDE (1,2-DICHLOROETHANE)",0.0
NJ,34,ETHYLENE OXIDE,0.0
NJ,34,ETHYLENE THIOUREA,0.0
NJ,34,"ETHYLIDENE DICHLORIDE (1,1-DICHLOROETHANE)",0.0
NJ,34,FORMALDEHYDE,0.03839667517646143
NJ,34,HEPTACHLOR,0.0
NJ,34,HEXACHLOROBENZENE,0.0
NJ,34,HEXACHLOROBUTADIENE,0.0
NJ,34,HYDRAZINE,0.0
NJ,34,METHYL TERT-BUTYL ETHER,0.0
NJ,34,METHYLENE CHLORIDE,0.0
NJ,34,NAPHTHALENE,0.016790507052530188
NJ,34,NICKEL COMPOUNDS,0.0003938180063799999
NJ,34,NITROBENZENE,0.0
NJ,34,O-TOLUIDINE,0.0
NJ,34,PAHPOM,0.000605573822500857
NJ,34,PENTACHLOROPHENOL,0.0
NJ,34,POLYCHLORINATED BIPHENYLS (AROCLORS),0.0
NJ,34,PROPYLENE OXIDE,0.0
NJ,34,TETRACHLOROETHYLENE,0.0
NJ,34,TRICHLOROETHYLENE,0.0
NJ,34,VINYL CHLORIDE,0.0
NM,35,"1,1,2-TRICHLOROETHANE",0.0
NM,35,"1,3-BUTADIENE",0.0012721393669399231
NM,35,"1,3-DICHLOROPROPENE",0.0
NM,35,"1,4-DICHLOROBENZENE",0.0
NM,35,"1,4-DIOXANE",0.0
NM,35,"2,4,6-TRICHLOROPHENOL",0.0
NM,35,"2,4-DINITROTOLUENE",0.0
NM,35,"2,4-TOLUENE DIISOCYANATE",0.0
NM,35,2-NITROPROPANE,0.0
NM,35,ACETALDEHYDE,0.0012286101584016154
NM,35,ACETAMIDE,0.0
NM,35,ACRYLAMIDE,0.0
NM,35,ACRYLONITRILE,0.0
NM,35,ALLYL CHLORIDE,0.0
NM,35,ANILINE,0.0
NM,35,ARSENIC COMPOUNDS(INORGANIC INCLUDING ARSINE),0.002619109980390462
NM,35,BENZENE,0.0031463495117292056
NM,35,BENZYL CHLORIDE,0.0
NM,35,BERYLLIUM COMPOUNDS,0.0
NM,35,BIS(2-ETHYLHEXYL)PHTHALATE (DEHP),0.0
NM,35,BROMOFORM,0.0
NM,35,CADMIUM COMPOUNDS,0.0
NM,35,CARBON TETRACHLORIDE,0.0
NM,35,CHLOROPRENE,0.0
NM,35,CHROMIUM VI (HEXAVALENT),0.00023300657366599997
NM,35,EPICHLOROHYDRIN,0.0
NM,35,ETHYLBENZENE,0.00012293560118899996
NM,35,ETHYLENE DIBROMIDE (DIBROMOETHANE),0.0
NM,35,"ETHYLENE DICHLORIDE (1,2-DICHLOROETHANE)",0.0
NM,35,ETHYLENE OXIDE,0.0
NM,35,"ETHYLIDENE DICHLORIDE (1,1-DICHLOROETHANE)",0.0
NM,35,FORMALDEHYDE,0.016244239953447738
NM,35,HEXACHLOROBENZENE,0.0
NM,35,HEXACHLOROBUTADIENE,0.0
NM,35,HYDRAZINE,0.0
NM,35,METHYL TERT-BUTYL ETHER,0.0
NM,35,METHYLENE CHLORIDE,0.0
NM,35,NAPHTHALENE,0.005472810023895154
NM,35,NICKEL COMPOUNDS,0.0021458297383991284
NM,35,NITROBENZENE,0.0
NM,35,O-TOLUIDINE,0.0
NM,35,PAHPOM,0.00030912822727264107
NM,35,POLYCHLORINATED BIPHENYLS (AROCLORS),0.0
NM,35,PROPYLENE OXIDE,0.0
NM,35,TETRACHLOROETHYLENE,0.0
NM,35,TRICHLOROETHYLENE,0.0
NM,35,VINYL CHLORIDE,0.0
NV,32,"1,1,2-TRICHLOROETHANE",0.0
NV,32,"1,3-BUTADIENE",0.0021166068297868183
NV,32,"1,3-DICHLOROPROPENE",0.0
NV,32,"1,4-DICHLOROBENZENE",0.0
NV,32,"1,4-DIOXANE",0.0
NV,32,"2,4,6-TRICHLOROPHENOL",0.0
NV,32,"2,4-DINITROTOLUENE",0.0
NV,32,"2,4-TOLUENE DIISOCYANATE",0.0
NV,32,2-NITROPROPANE,0.0
NV,32,ACETALDEHYDE,0.0017937494016909542
NV,32,ACETAMIDE,0.0
NV,32,ACRYLONITRILE,0.0
NV,32,ALLYL CHLORIDE,0.0
NV,32,ARSENIC COMPOUNDS(INORGANIC INCLUDING ARSINE),0.002392851491893773
NV,32,BENZENE,0.004702625585917273
NV,32,BENZYL CHLORIDE,0.0
NV,32,BERYLLIUM COMPOUNDS,0.0
NV,32,BIS(2-ETHYLHEXYL)PHTHALATE (DEHP),0.0
NV,32,BROMOFORM,0.0
NV,32,CADMIUM COMPOUNDS,0.0
NV,32,CARBON TETRACHLORIDE,0.0
NV,32,CHLOROPRENE,0.0
NV,32,CHROMIUM VI (HEXAVALENT),0.0005804236758857726
NV,32,EPICHLOROHYDRIN,0.0
NV,32,ETHYLBENZENE,0.00019244781193181816
NV,32,ETHYLENE DIBROMIDE (DIBROMOETHANE),0.0
NV,32,"ETHYLENE DICHLORIDE (1,2-DICHLOROETHANE)",0.0
NV,32,ETHYLENE OXIDE,0.0
NV,32,"ETHYLIDENE DICHLORIDE (1,1-DICHLOROETHANE)",0.0
NV,32,FORMALDEHYDE,0.02346108328638582
NV,32,HEXACHLOROBENZENE,0.0
NV,32,HEXACHLOROBUTADIENE,0.0
NV,32,METHYL TERT-BUTYL ETHER,0.0
NV,32,METHYLENE CHLORIDE,0.0
NV,32,NAPHTHALENE,0.00900614451822068
NV,32,NICKEL COMPOUNDS,0.001966581656576773
NV,32,NITROBENZENE,0.0
NV,32,O-TOLUIDINE,0.0
NV,32,PAHPOM,0.0007028418297345909
NV,32,PENTACHLOROPHENOL,0.0
NV,32,POLYCHLORINATED BIPHENYLS (AROCLORS),0.0
NV,32,PROPYLENE OXIDE,0.0
NV,32,TETRACHLOROETHYLENE,0.0
NV,32,TRICHLOROETHYLENE,0.0
NV,32,VINYL CHLORIDE,0.0
NY,36,"1,4-DIOXANE",0.0
NY,36,METHYL TERT-BUTYL ETHER,0.0
NY,36,METHYLENE CHLORIDE,0.0
NY,36,NAPHTHALENE,0.012602680201995195
NY,36,NICKEL COMPOUNDS,0.0001883855906612096
NY,36,NITROBENZENE,0.0
NY,36,O-TOLUIDINE,0.0
NY,36,PAHPOM,0.0004525212994076612
NY,36,PENTACHLOROPHENOL,0.0
NY,36,POLYCHLORINATED BIPHENYLS (AROCLORS),0.0
NY,36,PROPYLENE OXIDE,0.0
NY,36,TETRACHLOROETHYLENE,0.0
NY,36,TRICHLOROETHYLENE,0.0
NY,36,VINYL CHLORIDE,0.0
OH,39,"1,1,2-TRICHLOROETHANE",0.0
OH,39,"1,2,3,4,5,6-HEXACHLOROCYCLYHEXANE",0.0
OH,39,"1,2-DIBROMO-3-CHLOROPROPANE",0.0
OH,39,"1,2-Diphenylhydrazine",0.0
OH,39,"1,3-BUTADIENE",0.001937976463133535
OH,39,"1,3-DICHLOROPROPENE",0.0
OH,39,"1,3-PROPANE SULTONE",0.0
OH,39,"1,4-DICHLOROBENZENE",0.0
OH,39,"1,4-DIOXANE",0.0
OH,39,"2,4,6-TRICHLOROPHENOL",0.0
OH,39,"2,4-DINITROTOLUENE",0.0
OH,39,"2,4-TOLUENE DIAMINE",0.0
OH,39,"2,4-TOLUENE DIISOCYANATE",0.0
OH,39,2-ACETYLAMINOFLUORENE,0.0
OH,39,2-NITROPROPANE,0.0
OH,39,"4,4'-METHYLENE BIS(2-CHLOROANILINE)",0.0
OH,39,"4,4'-METHYLENEDIANILINE",0.0
OH,39,4-DIMETHYLAMINOAZOBENZENE,0.0
OH,39,ACETALDEHYDE,0.0017501707417090797
OH,39,ACETAMIDE,0.0
OH,39,ACRYLAMIDE,0.0
OH,39,ACRYLONITRILE,0.0
OH,39,ALLYL CHLORIDE,0.0
OH,39,ANILINE,0.0
OH,39,ARSENIC COMPOUNDS(INORGANIC INCLUDING ARSINE),0.0013871330608927043
OH,39,BENZENE,0.0038762312808838535
OH,39,BENZIDINE,0.0
OH,39,BENZYL CHLORIDE,0.0
OH,39,BERYLLIUM COMPOUNDS,0.0
OH,39,BIS(2-ETHYLHEXYL)PHTHALATE (DEHP),0.0
OH,39,BROMOFORM,0.0
OH,39,CADMIUM COMPOUNDS,0.0
OH,39,CARBON TETRACHLORIDE,0.0
OH,39,CHLORDANE,0.0
OH,39,CHLOROBENZILATE,0.0
OH,39,CHLOROPRENE,0.0
OH,39,CHROMIUM VI (HEXAVALENT),3.418095474646591e-05
OH,39,COKE OVEN EMISSIONS,0.0
OH,39,DICHLOROETHYL ETHER (BIS[2-CHLOROETHYL]ETHER),0.0
OH,39,EPICHLOROHYDRIN,0.0
OH,39,ETHYL CARBAMATE (URETHANE) CHLORIDE (CHLOROETHANE),0.0
OH,39,ETHYLBENZENE,0.0002196232151209887
OH,39,ETHYLENE DIBROMIDE (DIBROMOETHANE),0.0
OH,39,"ETHYLENE DICHLORIDE (1,2-DICHLOROETHANE)",0.0
OH,39,ETHYLENE OXIDE,0.0
OH,39,ETHYLENE THIOUREA,0.0
OH,39,"ETHYLIDENE DICHLORIDE (1,1-DICHLOROETHANE)",0.0
OH,39,FORMALDEHYDE,0.017900177285886342
OH,39,HEPTACHLOR,0.0
OH,39,HEXACHLOROBENZENE,0.0
OH,39,HEXACHLOROBUTADIENE,0.0
OH,39,HYDRAZINE,0.0
OH,39,METHYL TERT-BUTYL ETHER,0.0
OH,39,METHYLENE CHLORIDE,0.0
OH,39,N-NITROSODIMETHYLAMINE,0.0
OH,39,N-NITROSOMORPHOLINE,0.0
OH,39,NAPHTHALENE,0.009939344256507445
OH,39,NICKEL COMPOUNDS,0.0006614067170428409
OH,39,NITROBENZENE,0.0
OH,39,O-TOLUIDINE,0.0
OH,39,PAHPOM,0.0004616855849197498
OH,39,PENTACHLOROPHENOL,0.0
OH,39,POLYCHLORINATED BIPHENYLS (AROCLORS),0.0
OH,39,PROPYLENE OXIDE,0.0
OH,39,TETRACHLOROETHYLENE,0.0
OH,39,TOXAPHENE (CHLORINATED CAMPHENE),0.0
OH,39,TRICHLOROETHYLENE,0.0
OH,39,VINYL CHLORIDE,0.0
OK,40,"1,1,2-TRICHLOROETHANE",0.0
OK,40,"1,3-BUTADIENE",0.0017769260222072153
OK,40,"1,3-DICHLOROPROPENE",0.0
OK,40,"1,4-DICHLOROBENZENE",0.0
OK,40,"1,4-DIOXANE",0.0
OK,40,"2,4,6-TRICHLOROPHENOL",0.0
OK,40,"2,4-DINITROTOLUENE",0.0
OK,40,"2,4-TOLUENE DIISOCYANATE",0.0
OK,40,2-NITROPROPANE,0.0
OK,40,"4,4'-METHYLENEDIANILINE",0.0
OK,40,ACETALDEHYDE,0.0018460593312268868
OK,40,ACETAMIDE,0.0
OK,40,ACRYLAMIDE,0.0
OK,40,ACRYLONITRILE,0.0
OK,40,ALLYL CHLORIDE,0.0
OK,40,ANILINE,0.0
OK,40,ARSENIC COMPOUNDS(INORGANIC INCLUDING ARSINE),0.0020704776010947216
OK,40,BENZENE,0.005366314770032939
OK,40,BENZIDINE,0.0
OK,40,BENZYL CHLORIDE,0.0
OK,40,BERYLLIUM COMPOUNDS,0.0
OK,40,BIS(2-ETHYLHEXYL)PHTHALATE (DEHP),0.0
OK,40,BROMOFORM,0.0
OK,40,CADMIUM COMPOUNDS,0.0
OK,40,CARBON TETRACHLORIDE,0.0
OK,40,CHLOROPRENE,0.0
OK,40,CHROMIUM VI (HEXAVALENT),0.0005871492392595952
OK,40,EPICHLOROHYDRIN,0.0
OK,40,ETHYLBENZENE,0.00022289637036835438
OK,40,ETHYLENE DIBROMIDE (DIBROMOETHANE),0.0
OK,40,"ETHYLENE DICHLORIDE (1,2-DICHLOROETHANE)",0.0
OK,40,ETHYLENE OXIDE,0.0
OK,40,"ETHYLIDENE DICHLORIDE (1,1-DICHLOROETHANE)",0.0
OK,40,FORMALDEHYDE,0.02326951095561145
OK,40,HEXACHLOROBENZENE,0.0
OK,40,HEXACHLOROBUTADIENE,0.0
OK,40,HYDRAZINE,0.0
OK,40,METHYL TERT-BUTYL ETHER,0.0
OK,40,METHYLENE CHLORIDE,0.0
OK,40,NAPHTHALENE,0.009925564749271481
OK,40,NICKEL COMPOUNDS,0.001127007298058899
OK,40,NITROBENZENE,0.0
OK,40,O-TOLUIDINE,0.0
OK,40,PAHPOM,0.0005048713507401139
OK,40,PENTACHLOROPHENOL,0.0
OK,40,POLYCHLORINATED BIPHENYLS (AROCLORS),0.0
OK,40,PROPYLENE OXIDE,0.0
OK,40,TETRACHLOROETHYLENE,0.0
OK,40,TRICHLOROETHYLENE,0.0
OK,40,VINYL CHLORIDE,0.0
OR,41,"1,1,2-TRICHLOROETHANE",0.0
OR,41,"1,3-BUTADIENE",0.005539138032417898
OR,41,"1,3-DICHLOROPROPENE",0.0
OR,41,"1,4-DICHLOROBENZENE",0.0
OR,41,"1,4-DIOXANE",0.0
OR,41,"2,4,6-TRICHLOROPHENOL",0.0
OR,41,"2,4-DINITROTOLUENE",0.0
OR,41,"2,4-TOLUENE DIISOCYANATE",0.0
OR,41,2-NITROPROPANE,0.0
OR,41,ACETALDEHYDE,0.004523568286888155
OR,41,ACETAMIDE,0.0
OR,41,ACRYLAMIDE,0.0
OR,41,ACRYLONITRILE,0.0
OR,41,ALLYL CHLORIDE,0.0
OR,41,ARSENIC COMPOUNDS(INORGANIC INCLUDING ARSINE),0.0014716924786773845
OR,41,BENZENE,0.010217746677748565
OR,41,BENZYL CHLORIDE,0.0
OR,41,BERYLLIUM COMPOUNDS,0.0
OR,41,BIS(2-ETHYLHEXYL)PHTHALATE (DEHP),0.0
OR,41,BROMOFORM,0.0
OR,41,CADMIUM COMPOUNDS,0.0
OR,41,CARBON TETRACHLORIDE,0.0
OR,41,CHLOROPRENE,0.0
OR,41,CHROMIUM VI (HEXAVALENT),0.0001973025379053846
OR,41,EPICHLOROHYDRIN,0.0
OR,41,ETHYLBENZENE,0.0005334748111573334
OR,41,ETHYLENE DIBROMIDE (DIBROMOETHANE),0.0
OR,41,"ETHYLENE DICHLORIDE (1,2-DICHLOROETHANE)",0.0
OR,41,ETHYLENE OXIDE,0.0
OR,41,"ETHYLIDENE DICHLORIDE (1,1-DICHLOROETHANE)",0.0
OR,41,FORMALDEHYDE,0.053681093903285536
OR,41,HEXACHLOROBENZENE,0.0
OR,41,HEXACHLOROBUTADIENE,0.0
OR,41,METHYL TERT-BUTYL ETHER,0.0
OR,41,METHYLENE CHLORIDE,0.0
OR,41,NAPHTHALENE,0.024235926566878535
OR,41,NICKEL COMPOUNDS,0.0013566618154381028
OR,41,NITROBENZENE,0.0
OR,41,O-TOLUIDINE,0.0
OR,41,PAHPOM,0.000996090278640641
OR,41,PENTACHLOROPHENOL,0.0
OR,41,POLYCHLORINATED BIPHENYLS (AROCLORS),0.0
OR,41,PROPYLENE OXIDE,0.0
OR,41,TETRACHLOROETHYLENE,0.0
OR,41,TRICHLOROETHYLENE,0.0
OR,41,VINYL CHLORIDE,0.0
PA,42,"1,1,2-TRICHLOROETHANE",0.0
PA,42,"1,2,3,4,5,6-HEXACHLOROCYCLYHEXANE",0.0
PA,42,"1,2-DIBROMO-3-CHLOROPROPANE",0.0
PA,42,"1,2-Diphenylhydrazine",0.0
PA,42,"1,3-BUTADIENE",0.00194385076354606
PA,42,"1,3-DICHLOROPROPENE",0.0
PA,42,"1,3-PROPANE SULTONE",0.0
PA,42,"1,4-DICHLOROBENZENE",0.0
PA,42,"1,4-DIOXANE",0.0
PA,42,"2,4,6-TRICHLOROPHENOL",0.0
PA,42,"2,4-DINITROTOLUENE",0.0
PA,42,"2,4-TOLUENE DIAMINE",0.0
PA,42,"2,4-TOLUENE DIISOCYANATE",0.0
PA,42,2-ACETYLAMINOFLUORENE,0.0
PA,42,2-NITROPROPANE,0.0
PA,42,"4,4'-METHYLENE BIS(2-CHLOROANILINE)",0.0
PA,42,"4,4'-METHYLENEDIANILINE",0.0
PA,42,ACETALDEHYDE,0.0017539795240995827
PA,42,ACETAMIDE,0.0
PA,42,ACRYLAMIDE,0.0
PA,42,ACRYLONITRILE,0.0
PA,42,ALLYL CHLORIDE,0.0
PA,42,ANILINE,0.0
PA,42,ARSENIC COMPOUNDS(INORGANIC INCLUDING ARSINE),0.0004779901969310299
PA,42,BENZENE,0.003332984944056
PA,42,BENZIDINE,0.0
PA,42,BENZYL CHLORIDE,0.0
PA,42,BERYLLIUM COMPOUNDS,0.0
PA,42,BIS(2-ETHYLHEXYL)PHTHALATE (DEHP),0.0
PA,42,BROMOFORM,0.0
PA,42,CADMIUM COMPOUNDS,0.0
PA,42,CARBON TETRACHLORIDE,0.0
PA,42,CHLORDANE,0.0
PA,42,CHLOROBENZILATE,0.0
PA,42,CHLOROPRENE,0.0
PA,42,CHROMIUM VI (HEXAVALENT),2.0990939181985072e-05
PA,42,COKE OVEN EMISSIONS,0.0
PA,42,DICHLOROETHYL ETHER (BIS[2-CHLOROETHYL]ETHER),0.0
PA,42,EPICHLOROHYDRIN,0.0
PA,42,ETHYL CARBAMATE (URETHANE) CHLORIDE (CHLOROETHANE),0.0
PA,42,ETHYLBENZENE,0.00020836789471573126
PA,42,ETHYLENE DIBROMIDE (DIBROMOETHANE),0.0
PA,42,"ETHYLENE DICHLORIDE (1,2-DICHLOROETHANE)",0.0
PA,42,ETHYLENE OXIDE,0.0
PA,42,ETHYLENE THIOUREA,0.0
PA,42,"ETHYLIDENE DICHLORIDE (1,1-DICHLOROETHANE)",0.0
PA,42,FORMALDEHYDE,0.017744410975739457
PA,42,HEPTACHLOR,0.0
PA,42,HEXACHLOROBENZENE,0.0
PA,42,HEXACHLOROBUTADIENE,0.0
PA,42,HYDRAZINE,0.0
PA,42,METHYL TERT-BUTYL ETHER,0.0
PA,42,METHYLENE CHLORIDE,0.0
PA,42,NAPHTHALENE,0.00874853175344003
PA,42,NICKEL COMPOUNDS,0.00036829009183516416
PA,42,NITROBENZENE,0.0
PA,42,O-TOLUIDINE,0.0
PA,42,PAHPOM,0.0003803397229268061
PA,42,PENTACHLOROPHENOL,0.0
PA,42,POLYCHLORINATED BIPHENYLS (AROCLORS),0.0
PA,42,PROPYLENE OXIDE,0.0
PA,42,TETRACHLOROETHYLENE,0.0
PA,42,TOXAPHENE (CHLORINATED CAMPHENE),0.0
PA,42,TRICHLOROETHYLENE,0.0
PA,42,VINYL BROMIDE,0.0
PA,42,VINYL CHLORIDE,0.0
PR,72,"1,1,2-TRICHLOROETHANE",0.0
PR,72,"1,3-BUTADIENE",0.001090710268578291
PR,72,"1,4-DICHLOROBENZENE",0.0
PR,72,"1,4-DIOXANE",0.0
PR,72,"2,4,6-TRICHLOROPHENOL",0.0
PR,72,"2,4-DINITROTOLUENE",0.0
PR,72,"2,4-TOLUENE DIISOCYANATE",0.0
PR,72,2-NITROPROPANE,0.0
PR,72,ACETALDEHYDE,0.0010226031391129496
PR,72,ACRYLONITRILE,0.0
PR,72,ALLYL CHLORIDE,0.0
PR,72,ARSENIC COMPOUNDS(INORGANIC INCLUDING ARSINE),0.00019194795204458223
PR,72,BENZENE,0.0007878203926407596
PR,72,BENZYL CHLORIDE,0.0
PR,72,BERYLLIUM COMPOUNDS,0.0
PR,72,BIS(2-ETHYLHEXYL)PHTHALATE (DEHP),0.0
PR,72,CADMIUM COMPOUNDS,0.0
PR,72,CARBON TETRACHLORIDE,0.0
PR,72,CHLOROPRENE,0.0
PR,72,CHROMIUM VI (HEXAVALENT),2.6526218224556965e-06
PR,72,EPICHLOROHYDRIN,0.0
PR,72,ETHYLBENZENE,8.838465058050634e-05
PR,72,"ETHYLENE DICHLORIDE (1,2-DICHLOROETHANE)",0.0
PR,72,ETHYLENE OXIDE,0.0
PR,72,FORMALDEHYDE,0.01379323889798227
PR,72,HEXACHLOROBENZENE,0.0
PR,72,HEXACHLOROBUTADIENE,0.0
PR,72,METHYL TERT-BUTYL ETHER,0.0
PR,72,METHYLENE CHLORIDE,0.0
PR,72,NAPHTHALENE,0.003992905621955975
PR,72,NICKEL COMPOUNDS,5.502725020601266e-05
PR,72,NITROBENZENE,0.0
PR,72,O-TOLUIDINE,0.0
PR,72,PAHPOM,0.0009630252174714302
PR,72,POLYCHLORINATED BIPHENYLS (AROCLORS),0.0
PR,72,PROPYLENE OXIDE,0.0
PR,72,TETRACHLOROETHYLENE,0.0
PR,72,TRICHLOROETHYLENE,0.0
PR,72,VINYL CHLORIDE,0.0
RI,44,"1,1,2-TRICHLOROETHANE",0.0
RI,44,"1,3-BUTADIENE",0.0022668617076054
RI,44,"1,3-DICHLOROPROPENE",0.0
RI,44,"1,4-DICHLOROBENZENE",0.0
RI,44,"1,4-DIOXANE",0.0
RI,44,"2,4,6-TRICHLOROPHENOL",0.0
RI,44,"2,4-DINITROTOLUENE",0.0
RI,44,"2,4-TOLUENE DIISOCYANATE",0.0
RI,44,2-NITROPROPANE,0.0
RI,44,"4,4'-METHYLENE BIS(2-CHLOROANILINE)",0.0
RI,44,"4,4'-METHYLENEDIANILINE",0.0
RI,44,ACETALDEHYDE,0.0021813516565594
RI,44,ACETAMIDE,0.0
RI,44,ACRYLAMIDE,0.0
RI,44,ACRYLONITRILE,0.0
RI,44,ALLYL CHLORIDE,0.0
RI,44,ARSENIC COMPOUNDS(INORGANIC INCLUDING ARSINE),0.0004825193483164
RI,44,BENZENE,0.00392834897774
RI,44,BENZYL CHLORIDE,0.0
RI,44,BERYLLIUM COMPOUNDS,0.0
RI,44,BIS(2-ETHYLHEXYL)PHTHALATE (DEHP),0.0
RI,44,BROMOFORM,0.0
RI,44,CADMIUM COMPOUNDS,0.0
RI,44,CARBON TETRACHLORIDE,0.0
RI,44,CHLOROPRENE,0.0
RI,44,CHROMIUM VI (HEXAVALENT),9.970006414999999e-06
RI,44,EPICHLOROHYDRIN,0.0
RI,44,ETHYLBENZENE,0.00021350045275240004
RI,44,ETHYLENE DIBROMIDE (DIBROMOETHANE),0.0
RI,44,"ETHYLENE DICHLORIDE (1,2-DICHLOROETHANE)",0.0
RI,44,ETHYLENE OXIDE,0.0
RI,44,"ETHYLIDENE DICHLORIDE (1,1-DICHLOROETHANE)",0.0
RI,44,FORMALDEHYDE,0.022489076593290802
RI,44,HEXACHLOROBENZENE,0.0
RI,44,HEXACHLOROBUTADIENE,0.0
RI,44,HYDRAZINE,0.0
RI,44,METHYL TERT-BUTYL ETHER,0.0
RI,44,METHYLENE CHLORIDE,0.0
RI,44,NAPHTHALENE,0.0109367222088412
RI,44,NICKEL COMPOUNDS,0.000173447152367
RI,44,NITROBENZENE,0.0
RI,44,O-TOLUIDINE,0.0
RI,44,PAHPOM,0.0004084117702182
RI,44,PENTACHLOROPHENOL,0.0
RI,44,POLYCHLORINATED BIPHENYLS (AROCLORS),0.0
RI,44,PROPYLENE OXIDE,0.0
RI,44,TETRACHLOROETHYLENE,0.0
RI,44,TRICHLOROETHYLENE,0.0
RI,44,VINYL CHLORIDE,0.0
SC,45,"1,1,2-TRICHLOROETHANE",0.0
SC,45,"1,2-DIBROMO-3-CHLOROPROPANE",0.0
SC,45,"1,3-BUTADIENE",0.0016142304932079778
SC,45,"1,3-DICHLOROPROPENE",0.0
SC,45,"1,4-DICHLOROBENZENE",0.0
SC,45,"1,4-DIOXANE",0.0
SC,45,"2,4,6-TRICHLOROPHENOL",0.0
SC,45,"2,4-DINITROTOLUENE",0.0
SC,45,"2,4-TOLUENE DIISOCYANATE",0.0
SC,45,2-NITROPROPANE,0.0
SC,45,"4,4'-METHYLENE BIS(2-CHLOROANILINE)",0.0
SC,45,"4,4'-METHYLENEDIANILINE",0.0
SC,45,ACETALDEHYDE,0.00155474297534263
SC,45,ACETAMIDE,0.0
SC,45,ACRYLAMIDE,0.0
SC,45,ACRYLONITRILE,0.0
SC,45,ALLYL CHLORIDE,0.0
SC,45,ANILINE,0.0
SC,45,ARSENIC COMPOUNDS(INORGANIC INCLUDING ARSINE),0.0006711679101719783
SC,45,BENZENE,0.003651842899492173
SC,45,BENZIDINE,0.0
SC,45,BENZYL CHLORIDE,0.0
SC,45,BERYLLIUM COMPOUNDS,0.0
SC,45,BIS(2-ETHYLHEXYL)PHTHALATE (DEHP),0.0
SC,45,BIS(CHLOROMETHYL) ETHER,0.0
SC,45,BROMOFORM,0.0
SC,45,CADMIUM COMPOUNDS,0.0
SC,45,CARBON TETRACHLORIDE,0.0
SC,45,CHLOROPRENE,0.0
SC,45,CHROMIUM VI (HEXAVALENT),2.2328855025391306e-05
SC,45,EPICHLOROHYDRIN,0.0
SC,45,ETHYLBENZENE,0.00018976242673797832
SC,45,ETHYLENE DIBROMIDE (DIBROMOETHANE),0.0
SC,45,"ETHYLENE DICHLORIDE (1,2-DICHLOROETHANE)",0.0
SC,45,ETHYLENE OXIDE,0.0
SC,45,ETHYLENE THIOUREA,0.0
SC,45,"ETHYLIDENE DICHLORIDE (1,1-DICHLOROETHANE)",0.0
SC,45,FORMALDEHYDE,0.01767740707729815
SC,45,HEXACHLOROBENZENE,0.0
SC,45,HEXACHLOROBUTADIENE,0.0
SC,45,HYDRAZINE,0.0
SC,45,METHYL TERT-BUTYL ETHER,0.0
SC,45,METHYLENE CHLORIDE,0.0
SC,45,N-NITROSODIMETHYLAMINE,0.0
SC,45,NAPHTHALENE,0.008441745346243172
SC,45,NICKEL COMPOUNDS,0.0004133825449115
SC,45,NITROBENZENE,0.0
SC,45,O-TOLUIDINE,0.0
SC,45,PAHPOM,0.0004792693203280435
SC,45,PENTACHLOROPHENOL,0.0
SC,45,POLYCHLORINATED BIPHENYLS (AROCLORS),0.0
SC,45,PROPYLENE OXIDE,0.0
SC,45,TETRACHLOROETHYLENE,0.0
SC,45,TRICHLOROETHYLENE,0.0
SC,45,VINYL CHLORIDE,0.0
SD,46,"1,1,2-TRICHLOROETHANE",0.0
SD,46,"1,3-BUTADIENE",0.0008649838833321248
SD,46,"1,3-DICHLOROPROPENE",0.0
SD,46,"1,4-DICHLOROBENZENE",0.0
SD,46,"1,4-DIOXANE",0.0
SD,46,"2,4,6-TRICHLOROPHENOL",0.0
SD,46,"2,4-DINITROTOLUENE",0.0
SD,46,"2,4-TOLUENE DIISOCYANATE",0.0
SD,46,2-NITROPROPANE,0.0
SD,46,ACETALDEHYDE,0.0007339067469769773
SD,46,ACETAMIDE,0.0
SD,46,ACRYLONITRILE,0.0
SD,46,ALLYL CHLORIDE,0.0
SD,46,ARSENIC COMPOUNDS(INORGANIC INCLUDING ARSINE),0.001362539111087216
SD,46,BENZENE,0.005315437829005183
SD,46,BENZYL CHLORIDE,0.0
SD,46,BERYLLIUM COMPOUNDS,0.0
SD,46,BIS(2-ETHYLHEXYL)PHTHALATE (DEHP),0.0
SD,46,BROMOFORM,0.0
SD,46,CADMIUM COMPOUNDS,0.0
SD,46,CARBON TETRACHLORIDE,0.0
SD,46,CHLOROPRENE,0.0
SD,46,CHROMIUM VI (HEXAVALENT),0.00041539876469013655
SD,46,EPICHLOROHYDRIN,0.0
SD,46,ETHYLBENZENE,9.674850082479542e-05
SD,46,ETHYLENE DIBROMIDE (DIBROMOETHANE),0.0
SD,46,"ETHYLENE DICHLORIDE (1,2-DICHLOROETHANE)",0.0
SD,46,ETHYLENE OXIDE,0.0
SD,46,"ETHYLIDENE DICHLORIDE (1,1-DICHLOROETHANE)",0.0
SD,46,FORMALDEHYDE,0.008143065143110898
SD,46,HEXACHLOROBENZENE,0.0
SD,46,HEXACHLOROBUTADIENE,0.0
SD,46,METHYL TERT-BUTYL ETHER,0.0
SD,46,METHYLENE CHLORIDE,0.0
SD,46,NAPHTHALENE,0.003965239164312352
SD,46,NICKEL COMPOUNDS,0.001415752514605193
SD,46,NITROBENZENE,0.0
SD,46,O-TOLUIDINE,0.0
SD,46,PAHPOM,0.00023865372898289778
SD,46,PENTACHLOROPHENOL,0.0
SD,46,POLYCHLORINATED BIPHENYLS (AROCLORS),0.0
SD,46,PROPYLENE OXIDE,0.0
SD,46,TETRACHLOROETHYLENE,0.0
SD,46,TRICHLOROETHYLENE,0.0
SD,46,VINYL CHLORIDE,0.0
TN,47,"1,1,2-TRICHLOROETHANE",0.0
TN,47,"1,2-DIBROMO-3-CHLOROPROPANE",0.0
TN,47,"1,3-BUTADIENE",0.001876658672409594
TN,47,"1,3-DICHLOROPROPENE",0.0
TN,47,"1,4-DICHLOROBENZENE",0.0
TN,47,"1,4-DIOXANE",0.0
TN,47,"2,4,6-TRICHLOROPHENOL",0.0
TN,47,"2,4-DINITROTOLUENE",0.0
TN,47,"2,4-TOLUENE DIISOCYANATE",0.0
TN,47,2-NITROPROPANE,0.0
TN,47,ACETALDEHYDE,0.0017416899181010833
TN,47,ACETAMIDE,0.0
TN,47,ACRYLAMIDE,0.0
TN,47,ACRYLONITRILE,0.0
TN,47,ALLYL CHLORIDE,0.0
TN,47,ANILINE,0.0
TN,47,ARSENIC COMPOUNDS(INORGANIC INCLUDING ARSINE),0.0011059488684638961
TN,47,BENZENE,0.00438373893460376
TN,47,BENZIDINE,0.0
TN,47,BENZYL CHLORIDE,0.0
TN,47,BERYLLIUM COMPOUNDS,0.0
TN,47,BIS(2-ETHYLHEXYL)PHTHALATE (DEHP),0.0
TN,47,BROMOFORM,0.0
TN,47,CADMIUM COMPOUNDS,0.0
TN,47,CARBON TETRACHLORIDE,0.0
TN,47,CHLOROPRENE,0.0
TN,47,CHROMIUM VI (HEXAVALENT),5.4093668237875006e-05
TN,47,EPICHLOROHYDRIN,0.0
TN,47,ETHYLBENZENE,0.00021677244316105208
TN,47,ETHYLENE DIBROMIDE (DIBROMOETHANE),0.0
TN,47,"ETHYLENE DICHLORIDE (1,2-DICHLOROETHANE)",0.0
TN,47,ETHYLENE OXIDE,0.0
TN,47,"ETHYLIDENE DICHLORIDE (1,1-DICHLOROETHANE)",0.0
TN,47,FORMALDEHYDE,0.018527482196303905
TN,47,HEXACHLOROBENZENE,0.0
TN,47,HEXACHLOROBUTADIENE,0.0
TN,47,HYDRAZINE,0.0
TN,47,METHYL TERT-BUTYL ETHER,0.0
TN,47,METHYLENE CHLORIDE,0.0
TN,47,NAPHTHALENE,0.00988352357098197
TN,47,NICKEL COMPOUNDS,0.001238216568406979
TN,47,NITROBENZENE,0.0
TN,47,O-TOLUIDINE,0.0
TN,47,PAHPOM,0.000529172835682552
TN,47,PENTACHLOROPHENOL,0.0
TN,47,POLYCHLORINATED BIPHENYLS (AROCLORS),0.0
TN,47,PROPYLENE OXIDE,0.0
TN,47,TETRACHLOROETHYLENE,0.0
TN,47,TRICHLOROETHYLENE,0.0
TN,47,VINYL CHLORIDE,0.0
TX,48,"1,4-DIOXANE",0.0
TX,48,"2,4-TOLUENE DIAMINE",0.0
TX,48,HYDRAZINE,0.0
TX,48,METHYL TERT-BUTYL ETHER,0.0
TX,48,METHYLENE CHLORIDE,0.0
TX,48,N-NITROSODIMETHYLAMINE,0.0
TX,48,NAPHTHALENE,0.006794784573705031
TX,48,NICKEL COMPOUNDS,0.0009493470792117815
TX,48,NITROBENZENE,0.0
TX,48,O-TOLUIDINE,0.0
TX,48,PAHPOM,0.00039319846990008037
TX,48,PENTACHLOROPHENOL,0.0
TX,48,POLYCHLORINATED BIPHENYLS (AROCLORS),0.0
TX,48,PROPYLENE OXIDE,0.0
TX,48,TETRACHLOROETHYLENE,0.0
TX,48,TOXAPHENE (CHLORINATED CAMPHENE),0.0
TX,48,TRICHLOROETHYLENE,0.0
TX,48,VINYL CHLORIDE,0.0
UT,49,"1,1,2-TRICHLOROETHANE",0.0
UT,49,"1,2,3,4,5,6-HEXACHLOROCYCLYHEXANE",0.0
UT,49,"1,3-BUTADIENE",0.0022978094565783043
UT,49,"1,3-DICHLOROPROPENE",0.0
UT,49,"1,4-DICHLOROBENZENE",0.0
UT,49,"1,4-DIOXANE",0.0
UT,49,"2,4,6-TRICHLOROPHENOL",0.0
UT,49,"2,4-DINITROTOLUENE",0.0
UT,49,"2,4-TOLUENE DIISOCYANATE",0.0
UT,49,2-NITROPROPANE,0.0
UT,49,ACETALDEHYDE,0.00208273253538994
UT,49,ACETAMIDE,0.0
UT,49,ACRYLAMIDE,0.0
UT,49,ACRYLONITRILE,0.0
UT,49,ALLYL CHLORIDE,0.0
UT,49,ANILINE,0.0
UT,49,ARSENIC COMPOUNDS(INORGANIC INCLUDING ARSINE),0.0024468562567103026
UT,49,BENZENE,0.0036216596527241206
UT,49,BENZYL CHLORIDE,0.0
UT,49,BERYLLIUM COMPOUNDS,0.0
UT,49,BIS(2-ETHYLHEXYL)PHTHALATE (DEHP),0.0
UT,49,BROMOFORM,0.0
UT,49,CADMIUM COMPOUNDS,0.0
UT,49,CARBON TETRACHLORIDE,0.0
UT,49,CHLORDANE,0.0
UT,49,CHLOROPRENE,0.0
UT,49,CHROMIUM VI (HEXAVALENT),0.0004465395768998787
UT,49,EPICHLOROHYDRIN,0.0
UT,49,ETHYLBENZENE,0.00021051470662396973
UT,49,ETHYLENE DIBROMIDE (DIBROMOETHANE),0.0
UT,49,"ETHYLENE DICHLORIDE (1,2-DICHLOROETHANE)",0.0
UT,49,ETHYLENE OXIDE,0.0
UT,49,"ETHYLIDENE DICHLORIDE (1,1-DICHLOROETHANE)",0.0
UT,49,FORMALDEHYDE,0.026478205138874583
UT,49,HEPTACHLOR,0.0
UT,49,HEXACHLOROBENZENE,0.0
UT,49,HEXACHLOROBUTADIENE,0.0
UT,49,METHYL TERT-BUTYL ETHER,0.0
UT,49,METHYLENE CHLORIDE,0.0
UT,49,NAPHTHALENE,0.010079368803526606
UT,49,NICKEL COMPOUNDS,0.002098178608063394
UT,49,NITROBENZENE,0.0
UT,49,O-TOLUIDINE,0.0
UT,49,PAHPOM,0.0005585473357430909
UT,49,PENTACHLOROPHENOL,0.0
UT,49,POLYCHLORINATED BIPHENYLS (AROCLORS),0.0
UT,49,PROPYLENE OXIDE,0.0
UT,49,TETRACHLOROETHYLENE,0.0
UT,49,TOXAPHENE (CHLORINATED CAMPHENE),0.0
UT,49,TRICHLOROETHYLENE,0.0
UT,49,VINYL CHLORIDE,0.0
VA,51,"1,1,2-TRICHLOROETHANE",0.0
VA,51,"1,2-DIBROMO-3-CHLOROPROPANE",0.0
VA,51,"1,3-BUTADIENE",0.002419213781195539
VA,51,"1,3-DICHLOROPROPENE",0.0
VA,51,"1,4-DICHLOROBENZENE",0.0
VA,51,"1,4-DIOXANE",0.0
VA,51,"2,4,6-TRICHLOROPHENOL",0.0
VA,51,"2,4-DINITROTOLUENE",0.0
VA,51,"2,4-TOLUENE DIISOCYANATE",0.0
VA,51,2-NITROPROPANE,0.0
VA,51,ACETALDEHYDE,0.0022713590970406543
VA,51,ACETAMIDE,0.0
VA,51,ACRYLAMIDE,0.0
VA,51,ACRYLONITRILE,0.0
VA,51,ALLYL CHLORIDE,0.0
VA,51,ANILINE,0.0
VA,51,ARSENIC COMPOUNDS(INORGANIC INCLUDING ARSINE),0.0013696273435045967
VA,51,BENZENE,0.005101595956871829
VA,51,BENZIDINE,0.0
VA,51,BENZYL CHLORIDE,0.0
VA,51,BERYLLIUM COMPOUNDS,0.0
VA,51,BIS(2-ETHYLHEXYL)PHTHALATE (DEHP),0.0
VA,51,BIS(CHLOROMETHYL) ETHER,0.0
VA,51,BROMOFORM,0.0
VA,51,CADMIUM COMPOUNDS,0.0
VA,51,CARBON TETRACHLORIDE,0.0
VA,51,CHLOROPRENE,0.0
VA,51,CHROMIUM VI (HEXAVALENT),0.0001555310638127841
VA,51,COKE OVEN EMISSIONS,0.0
VA,51,EPICHLOROHYDRIN,0.0
VA,51,ETHYL CARBAMATE (URETHANE) CHLORIDE (CHLOROETHANE),0.0
VA,51,ETHYLBENZENE,0.0002629960319683598
VA,51,ETHYLENE DIBROMIDE (DIBROMOETHANE),0.0
VA,51,"ETHYLENE DICHLORIDE (1,2-DICHLOROETHANE)",0.0
VA,51,ETHYLENE OXIDE,0.0
VA,51,"ETHYLIDENE DICHLORIDE (1,1-DICHLOROETHANE)",0.0
VA,51,FORMALDEHYDE,0.024203035190903884
VA,51,HEXACHLOROBENZENE,0.0
VA,51,HEXACHLOROBUTADIENE,0.0
VA,51,HYDRAZINE,0.0
VA,51,METHYL TERT-BUTYL ETHER,0.0
VA,51,METHYLENE CHLORIDE,0.0
VA,51,N-NITROSODIMETHYLAMINE,0.0
VA,51,NAPHTHALENE,0.012270007293620282
VA,51,NICKEL COMPOUNDS,0.00185511342807274
VA,51,NITROBENZENE,0.0
VA,51,O-TOLUIDINE,0.0
VA,51,PAHPOM,0.0005877303894235397
VA,51,PENTACHLOROPHENOL,0.0
VA,51,POLYCHLORINATED BIPHENYLS (AROCLORS),0.0
VA,51,PROPYLENE OXIDE,0.0
VA,51,TETRACHLOROETHYLENE,0.0
VA,51,TRICHLOROETHYLENE,0.0
VA,51,VINYL CHLORIDE,0.0
VI,78,"1,1,2-TRICHLOROETHANE",0.0
VI,78,"1,3-BUTADIENE",0.0002321235543343333
VI,78,"1,4-DICHLOROBENZENE",0.0
VI,78,"1,4-DIOXANE",0.0
VI,78,"2,4,6-TRICHLOROPHENOL",0.0
VI,78,"2,4-DINITROTOLUENE",0.0
VI,78,"2,4-TOLUENE DIISOCYANATE",0.0
VI,78,2-NITROPROPANE,0.0
VI,78,ACETALDEHYDE,0.00021619084697133332
VI,78,ACRYLONITRILE,0.0
VI,78,ALLYL CHLORIDE,0.0
VI,78,ARSENIC COMPOUNDS(INORGANIC INCLUDING ARSINE),6.749333440333334e-05
VI,78,BENZENE,0.00016637792691733333
VI,78,BENZYL CHLORIDE,0.0
VI,78,BERYLLIUM COMPOUNDS,0.0
VI,78,BIS(2-ETHYLHEXYL)PHTHALATE (DEHP),0.0
VI,78,CADMIUM COMPOUNDS,0.0
VI,78,CARBON TETRACHLORIDE,0.0
VI,78,CHLOROPRENE,0.0
VI,78,CHROMIUM VI (HEXAVALENT),8.699256299999999e-07
VI,78,EPICHLOROHYDRIN,0.0
VI,78,ETHYLBENZENE,1.8745543597333333e-05
VI,78,"ETHYLENE DICHLORIDE (1,2-DICHLOROETHANE)",0.0
VI,78,ETHYLENE OXIDE,0.0
VI,78,FORMALDEHYDE,0.0029253123608560003
VI,78,HEXACHLOROBENZENE,0.0
VI,78,HEXACHLOROBUTADIENE,0.0
VI,78,METHYL TERT-BUTYL ETHER,0.0
VI,78,METHYLENE CHLORIDE,0.0
VI,78,NAPHTHALENE,0.000844126200116
VI,78,NICKEL COMPOUNDS,1.6994547555666668e-05
VI,78,NITROBENZENE,0.0
VI,78,O-TOLUIDINE,0.0
VI,78,PAHPOM,0.0001928483530866667
VI,78,POLYCHLORINATED BIPHENYLS (AROCLORS),0.0
VI,78,PROPYLENE OXIDE,0.0
VI,78,TETRACHLOROETHYLENE,0.0
VI,78,TRICHLOROETHYLENE,0.0
VI,78,VINYL CHLORIDE,0.0
VT,50,"1,1,2-TRICHLOROETHANE",0.0
VT,50,"1,3-BUTADIENE",0.0007250446144137856
VT,50,"1,3-DICHLOROPROPENE",0.0
VT,50,"1,4-DICHLOROBENZENE",0.0
VT,50,"1,4-DIOXANE",0.0
VT,50,"2,4,6-TRICHLOROPHENOL",0.0
VT,50,"2,4-DINITROTOLUENE",0.0
VT,50,"2,4-TOLUENE DIISOCYANATE",0.0
VT,50,2-NITROPROPANE,0.0
VT,50,4-DIMETHYLAMINOAZOBENZENE,0.0
VT,50,ACETALDEHYDE,0.001017003221178
VT,50,ACETAMIDE,0.0
VT,50,ACRYLAMIDE,0.0
VT,50,ACRYLONITRILE,0.0
VT,50,ALLYL CHLORIDE,0.0
VT,50,ANILINE,0.0
VT,50,ARSENIC COMPOUNDS(INORGANIC INCLUDING ARSINE),0.0002672348228500715
VT,50,BENZENE,0.0016061143967562852
VT,50,BENZIDINE,0.0
VT,50,BENZYL CHLORIDE,0.0
VT,50,BERYLLIUM COMPOUNDS,0.0
VT,50,BIS(2-ETHYLHEXYL)PHTHALATE (DEHP),0.0
VT,50,BROMOFORM,0.0
VT,50,CADMIUM COMPOUNDS,0.0
VT,50,CARBON TETRACHLORIDE,0.0
VT,50,CHLOROPRENE,0.0
VT,50,CHROMIUM VI (HEXAVALENT),1.1652415438857143e-05
VT,50,EPICHLOROHYDRIN,0.0
VT,50,ETHYL CARBAMATE (URETHANE) CHLORIDE (CHLOROETHANE),0.0
VT,50,ETHYLBENZENE,9.198845465742857e-05
VT,50,ETHYLENE DIBROMIDE (DIBROMOETHANE),0.0
VT,50,"ETHYLENE DICHLORIDE (1,2-DICHLOROETHANE)",0.0
VT,50,ETHYLENE OXIDE,0.0
VT,50,"ETHYLIDENE DICHLORIDE (1,1-DICHLOROETHANE)",0.0
VT,50,FORMALDEHYDE,0.008361842406860642
VT,50,HEXACHLOROBENZENE,0.0
VT,50,HEXACHLOROBUTADIENE,0.0
VT,50,METHYL TERT-BUTYL ETHER,0.0
VT,50,METHYLENE CHLORIDE,0.0
VT,50,NAPHTHALENE,0.004533807085531072
VT,50,NICKEL COMPOUNDS,0.00015825539425585712
VT,50,NITROBENZENE,0.0
VT,50,O-TOLUIDINE,0.0
VT,50,PAHPOM,0.00014871822326457146
VT,50,PENTACHLOROPHENOL,0.0
VT,50,POLYCHLORINATED BIPHENYLS (AROCLORS),0.0
VT,50,PROPYLENE OXIDE,0.0
VT,50,TETRACHLOROETHYLENE,0.0
VT,50,TRICHLOROETHYLENE,0.0
VT,50,VINYL CHLORIDE,0.0
WA,53,"1,1,2-TRICHLOROETHANE",0.0
WA,53,"1,3-BUTADIENE",0.005096219002372332
WA,53,"1,3-DICHLOROPROPENE",0.0
WA,53,"1,4-DICHLOROBENZENE",0.0
WA,53,"1,4-DIOXANE",0.0
WA,53,"2,4,6-TRICHLOROPHENOL",0.0
WA,53,"2,4-DINITROTOLUENE",0.0
WA,53,"2,4-TOLUENE DIISOCYANATE",0.0
WA,53,2-NITROPROPANE,0.0
WA,53,ACETALDEHYDE,0.004379559905468141
WA,53,ACETAMIDE,0.0
WA,53,ACRYLAMIDE,0.0
WA,53,ACRYLONITRILE,0.0
WA,53,ALLYL CHLORIDE,0.0
WA,53,ARSENIC COMPOUNDS(INORGANIC INCLUDING ARSINE),0.00090662744346
WA,53,BENZENE,0.0075526251660773605
WA,53,BENZYL CHLORIDE,0.0
WA,53,BERYLLIUM COMPOUNDS,0.0
WA,53,BIS(2-ETHYLHEXYL)PHTHALATE (DEHP),0.0
WA,53,BROMOFORM,0.0
WA,53,CADMIUM COMPOUNDS,0.0
WA,53,CARBON TETRACHLORIDE,0.0
WA,53,CHLOROPRENE,0.0
WA,53,CHROMIUM VI (HEXAVALENT),0.00010046624342978573
WA,53,EPICHLOROHYDRIN,0.0
WA,53,ETHYLBENZENE,0.000458045796987881
WA,53,ETHYLENE DIBROMIDE (DIBROMOETHANE),0.0
WA,53,"ETHYLENE DICHLORIDE (1,2-DICHLOROETHANE)",0.0
WA,53,ETHYLENE OXIDE,0.0
WA,53,"ETHYLIDENE DICHLORIDE (1,1-DICHLOROETHANE)",0.0
WA,53,FORMALDEHYDE,0.04957355598573716
WA,53,HEXACHLOROBENZENE,0.0
WA,53,HEXACHLOROBUTADIENE,0.0
WA,53,METHYL TERT-BUTYL ETHER,0.0
WA,53,METHYLENE CHLORIDE,0.0
WA,53,NAPHTHALENE,0.02296806818652679
WA,53,NICKEL COMPOUNDS,0.0007198475533569761
WA,53,NITROBENZENE,0.0
WA,53,O-TOLUIDINE,0.0
WA,53,PAHPOM,0.0007821969961006668
WA,53,PENTACHLOROPHENOL,0.0
WA,53,POLYCHLORINATED BIPHENYLS (AROCLORS),0.0
WA,53,PROPYLENE OXIDE,0.0
WA,53,TETRACHLOROETHYLENE,0.0
WA,53,TRICHLOROETHYLENE,0.0
WA,53,VINYL CHLORIDE,0.0
WI,55,"1,1,2-TRICHLOROETHANE",0.0
WI,55,"1,2-DIBROMO-3-CHLOROPROPANE",0.0
WI,55,"1,3-BUTADIENE",0.0016529409116175558
WI,55,"1,3-DICHLOROPROPENE",0.0
WI,55,"1,4-DICHLOROBENZENE",0.0
WI,55,"1,4-DIOXANE",0.0
WI,55,"2,4,6-TRICHLOROPHENOL",0.0
WI,55,"2,4-DINITROTOLUENE",0.0
WI,55,"2,4-TOLUENE DIISOCYANATE",0.0
WI,55,2-NITROPROPANE,0.0
WI,55,"4,4'-METHYLENEDIANILINE",0.0
WI,55,4-DIMETHYLAMINOAZOBENZENE,0.0
WI,55,ACETALDEHYDE,0.001349746629168125
WI,55,ACETAMIDE,0.0
WI,55,ACRYLAMIDE,0.0
WI,55,ACRYLONITRILE,0.0
WI,55,ALLYL CHLORIDE,0.0
WI,55,ANILINE,0.0
WI,55,ARSENIC COMPOUNDS(INORGANIC INCLUDING ARSINE),0.0012778268911498886
WI,55,BENZENE,0.0035966405640075003
WI,55,BENZIDINE,0.0
WI,55,BENZYL CHLORIDE,0.0
WI,55,BERYLLIUM COMPOUNDS,0.0
WI,55,BIS(2-ETHYLHEXYL)PHTHALATE (DEHP),0.0
WI,55,BROMOFORM,0.0
WI,55,CADMIUM COMPOUNDS,0.0
WI,55,CARBON TETRACHLORIDE,0.0
WI,55,CHLOROPRENE,0.0
WI,55,CHROMIUM VI (HEXAVALENT),0.00011964159414773607
WI,55,EPICHLOROHYDRIN,0.0
WI,55,ETHYL CARBAMATE (URETHANE) CHLORIDE (CHLOROETHANE),0.0
WI,55,ETHYLBENZENE,0.00018112662859209725
WI,55,ETHYLENE DIBROMIDE (DIBROMOETHANE),0.0
WI,55,"ETHYLENE DICHLORIDE (1,2-DICHLOROETHANE)",0.0
WI,55,ETHYLENE OXIDE,0.0
WI,55,"ETHYLIDENE DICHLORIDE (1,1-DICHLOROETHANE)",0.0
WI,55,FORMALDEHYDE,0.014212308628705336
WI,55,HEXACHLOROBENZENE,0.0
WI,55,HEXACHLOROBUTADIENE,0.0
WI,55,METHYL TERT-BUTYL ETHER,0.0
WI,55,METHYLENE CHLORIDE,0.0
WI,55,NAPHTHALENE,0.00794818745243696
WI,55,NICKEL COMPOUNDS,0.000514644960989722
WI,55,NITROBENZENE,0.0
WI,55,O-TOLUIDINE,0.0
WI,55,PAHPOM,0.00033798980602504176
WI,55,PENTACHLOROPHENOL,0.0
WI,55,POLYCHLORINATED BIPHENYLS (AROCLORS),0.0
WI,55,PROPYLENE OXIDE,0.0
WI,55,TETRACHLOROETHYLENE,0.0
WI,55,TRICHLOROETHYLENE,0.0
WI,55,VINYL CHLORIDE,0.0
WV,54,"1,1,2-TRICHLOROETHANE",0.0
WV,54,"1,2,3,4,5,6-HEXACHLOROCYCLYHEXANE",0.0
WV,54,"1,2-DIBROMO-3-CHLOROPROPANE",0.0
WV,54,"1,2-Diphenylhydrazine",0.0
WV,54,"1,3-BUTADIENE",0.0012058427154885455
WV,54,"1,3-DICHLOROPROPENE",0.0
WV,54,"1,3-PROPANE SULTONE",0.0
WV,54,"1,4-DICHLOROBENZENE",0.0
WV,54,"1,4-DIOXANE",0.0
WV,54,"2,4,6-TRICHLOROPHENOL",0.0
WV,54,"2,4-DINITROTOLUENE",0.0
WV,54,"2,4-TOLUENE DIAMINE",0.0
WV,54,"2,4-TOLUENE DIISOCYANATE",0.0
WV,54,2-ACETYLAMINOFLUORENE,0.0
WV,54,2-NITROPROPANE,0.0
WV,54,"4,4'-METHYLENE BIS(2-CHLOROANILINE)",0.0
WV,54,"4,4'-METHYLENEDIANILINE",0.0
WV,54,ACETALDEHYDE,0.0011023682543912726
WV,54,ACETAMIDE,0.0
WV,54,ACRYLAMIDE,0.0
WV,54,ACRYLONITRILE,0.0
WV,54,ALLYL CHLORIDE,0.0
WV,54,ANILINE,0.0
WV,54,ARSENIC COMPOUNDS(INORGANIC INCLUDING ARSINE),0.0010743690323034543
WV,54,BENZENE,0.0025924357174960545
WV,54,BENZIDINE,0.0
WV,54,BENZYL CHLORIDE,0.0
WV,54,BERYLLIUM COMPOUNDS,0.0
WV,54,BIS(2-ETHYLHEXYL)PHTHALATE (DEHP),0.0
WV,54,BROMOFORM,0.0
WV,54,CADMIUM COMPOUNDS,0.0
WV,54,CARBON TETRACHLORIDE,0.0
WV,54,CHLOROBENZILATE,0.0
WV,54,CHLOROPRENE,0.0
WV,54,CHROMIUM VI (HEXAVALENT),5.03091893304182e-05
WV,54,COKE OVEN EMISSIONS,0.0
WV,54,DICHLOROETHYL ETHER (BIS[2-CHLOROETHYL]ETHER),0.0
WV,54,EPICHLOROHYDRIN,0.0
WV,54,ETHYL CARBAMATE (URETHANE) CHLORIDE (CHLOROETHANE),0.0
WV,54,ETHYLBENZENE,0.0001388232122183273
WV,54,ETHYLENE DIBROMIDE (DIBROMOETHANE),0.0
WV,54,"ETHYLENE DICHLORIDE (1,2-DICHLOROETHANE)",0.0
WV,54,ETHYLENE OXIDE,0.0
WV,54,ETHYLENE THIOUREA,0.0
WV,54,"ETHYLIDENE DICHLORIDE (1,1-DICHLOROETHANE)",0.0
WV,54,FORMALDEHYDE,0.010564352630948542
WV,54,HEPTACHLOR,0.0
WV,54,HEXACHLOROBENZENE,0.0
WV,54,HEXACHLOROBUTADIENE,0.0
WV,54,HYDRAZINE,0.0
WV,54,METHYL TERT-BUTYL ETHER,0.0
WV,54,METHYLENE CHLORIDE,0.0
WV,54,N-NITROSODIMETHYLAMINE,0.0
WV,54,N-NITROSOMORPHOLINE,0.0
WV,54,NAPHTHALENE,0.006539070602982638
WV,54,NICKEL COMPOUNDS,0.0010629758800265274
WV,54,NITROBENZENE,0.0
WV,54,O-TOLUIDINE,0.0
WV,54,PAHPOM,0.0003345073652840546
WV,54,PENTACHLOROPHENOL,0.0
WV,54,POLYCHLORINATED BIPHENYLS (AROCLORS),0.0
WV,54,PROPYLENE OXIDE,0.0
WV,54,TETRACHLOROETHYLENE,0.0
WV,54,TOXAPHENE (CHLORINATED CAMPHENE),0.0
WV,54,TRICHLOROETHYLENE,0.0
WV,54,VINYL CHLORIDE,0.0
WY,56,"1,1,2-TRICHLOROETHANE",0.0
WY,56,"1,2,3,4,5,6-HEXACHLOROCYCLYHEXANE",0.0
WY,56,"1,3-BUTADIENE",0.001754998216208334
WY,56,"1,3-DICHLOROPROPENE",0.0
WY,56,"1,4-DICHLOROBENZENE",0.0
WY,56,"1,4-DIOXANE",0.0
WY,56,"2,4,6-TRICHLOROPHENOL",0.0
WY,56,"2,4-DINITROTOLUENE",0.0
WY,56,"2,4-TOLUENE DIISOCYANATE",0.0
WY,56,2-NITROPROPANE,0.0
WY,56,ACETALDEHYDE,0.0014555607598863332
WY,56,ACETAMIDE,0.0
WY,56,ACRYLONITRILE,0.0
WY,56,ALLYL CHLORIDE,0.0
WY,56,ANILINE,0.0
WY,56,ARSENIC COMPOUNDS(INORGANIC INCLUDING ARSINE),0.0026458023411712914
WY,56,BENZENE,0.004399279015576084
WY,56,BENZYL CHLORIDE,0.0
WY,56,BERYLLIUM COMPOUNDS,0.0
WY,56,BIS(2-ETHYLHEXYL)PHTHALATE (DEHP),0.0
WY,56,BROMOFORM,0.0
WY,56,CADMIUM COMPOUNDS,0.0
WY,56,CARBON TETRACHLORIDE,0.0
WY,56,CHLORDANE,0.0
WY,56,CHLOROPRENE,0.0
WY,56,CHROMIUM VI (HEXAVALENT),0.00042508694648116675
WY,56,EPICHLOROHYDRIN,0.0
WY,56,ETHYL CARBAMATE (URETHANE) CHLORIDE (CHLOROETHANE),0.0
WY,56,ETHYLBENZENE,0.00016580850981854167
WY,56,ETHYLENE DIBROMIDE (DIBROMOETHANE),0.0
WY,56,"ETHYLENE DICHLORIDE (1,2-DICHLOROETHANE)",0.0
WY,56,ETHYLENE OXIDE,0.0
WY,56,"ETHYLIDENE DICHLORIDE (1,1-DICHLOROETHANE)",0.0
WY,56,FORMALDEHYDE,0.019760574844143793
WY,56,HEPTACHLOR,0.0
WY,56,HEXACHLOROBENZENE,0.0
WY,56,HEXACHLOROBUTADIENE,0.0
WY,56,HYDRAZINE,0.0
WY,56,METHYL TERT-BUTYL ETHER,0.0
WY,56,METHYLENE CHLORIDE,0.0
WY,56,NAPHTHALENE,0.00724623496070854
WY,56,NICKEL COMPOUNDS,0.0020429465458164588
WY,56,NITROBENZENE,0.0
WY,56,O-TOLUIDINE,0.0
WY,56,PAHPOM,0.00044167672524858347
WY,56,PENTACHLOROPHENOL,0.0
WY,56,POLYCHLORINATED BIPHENYLS (AROCLORS),0.0
WY,56,PROPYLENE OXIDE,0.0
WY,56,TETRACHLOROETHYLENE,0.0
WY,56,TOXAPHENE (CHLORINATED CAMPHENE),0.0
WY,56,TRICHLOROETHYLENE,0.0
WY,56,VINYL CHLORIDE,0.0
